rid,us_name,authorid,match_type,host_id,source,n_papers
26,P Shiv Halasyamani,A5080509414,exact,,name_unique,1
332,Jayachandran Sethuraman,A5056514157,exact,,name_unique,1
722,Maria del Mar Lopez de Murphy,A5062373206,exact,,name_unique,1
1017,Harold G Evans,A5107352875,exact,,name_unique,1
1045,Vera Kettnaker,A5078259792,exact,,name_unique,1
1353,I-Yeu Shen,A5111992492,exact,,name_unique,1
2136,Corey S O'Hern,A5110142326,exact,,name_unique,1
2373,Kenneth A Bloom,A5107352976,exact,,name_unique,1
2521,J Nicholas Laneman,A5084609159,exact,,name_unique,1
2958,LaTonya M Williams,A5011619946,exact,,name_unique,1
3255,Harold G Evans,A5107352875,exact,,name_unique,1
3353,Kameshwar Munagala,A5037484505,exact,,name_unique,1
3870,Christopher Gniady,A5005763451,exact,,name_unique,1
4212,Francesco Calegari,A5043525562,exact,,name_unique,1
5572,Siavash Pourkamali Anaraki,A5034246345,exact,,name_unique,1
6060,Ioannis Korkolis,A5053873583,exact,,name_unique,1
6867,Siavash Pourkamali Anaraki,A5034246345,exact,,name_unique,1
6909,Georgios-Alex Dimakis,A5007721303,exact,,name_unique,1
7101,Jen C Owen,A5091714762,exact,,name_unique,1
7915,Janet Tomiyama,A5113839748,exact,,name_unique,1
8318,Alfred L Hall,A5110657042,exact,,name_unique,1
8478,Esra Buyuktahtakin Toy,A5082535664,exact,,name_unique,1
9644,Gonzalo Mateos Buckstein,A5003616440,exact,,name_unique,1
9799,Anthony Nowatzki,A5067584239,exact,,name_unique,1
9832,Reeja Jayan,A5087127934,exact,,name_unique,1
10062,Rafael Omar Tinoco Lopez,A5049857553,exact,,name_unique,1
10144,Esra Buyuktahtakin Toy,A5082535664,exact,,name_unique,1
10267,Dimitrios Papailiopoulos,A5059398329,exact,,name_unique,1
11008,Ileana Soto Reyes,A5083238170,exact,,name_unique,1
11686,Sara Thoi,A5062005403,exact,,name_unique,1
13065,Jennifer C Wilson,A5108959297,exact,,name_unique,1
13379,Chris Paolucci,A5110728879,exact,,name_unique,1
13453,Chris Rathbone,A5030052713,exact,,name_unique,1
13785,Alejandro Velez Melendez,A5031363432,exact,,name_unique,1
14297,Shiting Lan,A5041231841,exact,,name_unique,1
14873,Tyler R Ray,A5106617387,exact,,name_unique,1
14890,Ileana Soto Reyes,A5083238170,exact,,name_unique,1
15039,Ravi K Yellavajjala,A5009671549,exact,,name_unique,1
15353,Douglas C Hall,A5022310774,exact,,name_unique,1
15471,Cynthia E Keppel,A5054317827,exact,,name_unique,1
15947,Herman F Nied,A5017082313,exact,,name_unique,1
16615,Tsung-Cheng Shen,A5112566395,exact,,name_unique,1
625,Joseph R Dwyer,A5105933201,exact,,name_unique,2
2839,Valeria LaSaponara,A5088607481,exact,,name_unique,2
3171,Brian J Frost,A5041590784,exact,,name_unique,2
7002,Artemisia Spyrou,A5103739141,exact,,name_unique,2
9151,Rob Macfarlane,A5056219015,exact,,name_unique,2
11611,Amin Kargarian Marvasti,A5052639476,exact,,name_unique,2
13405,Parinaz Naghizadeh Ardabili,A5085202593,exact,,name_unique,2
16197,Janet M Conrad,A5107925271,exact,,name_unique,2
17211,Theresa Gaasterland,A5052117560,exact,,name_unique,2
857,Alexander D Hall,A5108130925,exact,,name_unique,3
8603,Naya Banerjee,A5034156934,exact,,name_unique,3
9653,Alexander Endert,A5024965109,exact,,name_unique,3
10333,Joan Bruna Estrach,A5029633963,exact,,name_unique,3
15617,Urs Hoelzle,A5005454443,exact,,name_unique,3
15739,Maria I Cruz,A5108145504,exact,,name_unique,3
16461,John D Valentine,A5086485758,exact,,name_unique,3
16889,Maria I Cruz,A5108145504,exact,,name_unique,3
17355,John D Valentine,A5086485758,exact,,name_unique,3
320,Allan Guymon,A5086892425,exact,,name_unique,4
1410,Allan Guymon,A5086892425,exact,,name_unique,4
5929,Elizabeth Stroupe,A5046269517,exact,,name_unique,4
7287,Luna Lu,A5065866914,exact,,name_unique,4
8738,Luna Lu,A5065866914,exact,,name_unique,4
9865,Jose L Avalos,A5064592292,exact,,name_unique,4
12273,Rob Denton,A5057357183,exact,,name_unique,4
15218,Radhakrishnan Jagadeesan,A5108192764,exact,,name_unique,4
15716,Jon B Weissman,A5029614064,exact,,name_unique,4
6775,Alena Talkachova,A5024366530,exact,,name_unique,5
7599,Marcelo Ardon-Sayao,A5003992130,exact,,name_unique,5
9376,Andreas Kloeckner,A5112508473,exact,,name_unique,5
9421,Marcelo Ardon-Sayao,A5003992130,exact,,name_unique,5
12074,Hanna Hajishirzi,A5013901408,exact,,name_unique,5
12076,Symeon Gerasimidis,A5112621038,exact,,name_unique,5
254,Andria Costello Staniec,A5006676681,exact,,name_unique,6
4752,Ann Ramirez,A5021983461,exact,,name_unique,6
8974,Sophie Joerg,A5006786275,exact,,name_unique,6
9965,Michele Yatchmeneff,A5009503299,exact,,name_unique,6
10354,Philipp Kraehenbuehl,A5001241073,exact,,name_unique,6
11384,MM Faruque Hasan,A5077632026,exact,,name_unique,6
1811,Subhashis Ghoshal,A5016249555,exact,,name_unique,7
11506,Guhaprasanna Manogharan,A5075966878,exact,,name_unique,7
14406,Joshua Alman,A5007462455,exact,,name_unique,7
5897,Robert Fergus,A5003544073,exact,,name_unique,8
15487,Leilani M Miller,A5071917788,exact,,name_unique,8
9569,Asma Hatoum,A5026825708,exact,,name_unique,9
12904,Asma Hatoum,A5026825708,exact,,name_unique,9
15571,Daniel Frisbie,A5067416783,exact,,name_unique,9
929,Obed Norman,A5046710777,exact,,name_unique,10
13602,Afiya Fredericks,A5009205376,exact,,name_unique,10
16775,Obed Norman,A5046710777,exact,,name_unique,10
7420,Balakanapathy Rajaratnam,A5075579121,exact,,name_unique,11
10946,Balakanapathy Rajaratnam,A5075579121,exact,,name_unique,11
391,Heinrich Nakotte,A5112278311,exact,,name_unique,12
1476,Stephan A Zdancewic,A5110923308,exact,,name_unique,12
3251,Alexander Gamburd,A5009588205,exact,,name_unique,12
6264,Maumita Mandal,A5088991891,exact,,name_unique,12
8001,Timothy Perutz,A5058586087,exact,,name_unique,12
13277,Diti Bhadra,A5000137273,exact,,name_unique,12
3445,Mohan Sankaran,A5110167207,exact,,name_unique,13
4706,Bjoern Reinhard,A5109426180,exact,,name_unique,13
10882,Michael Gruenwald,A5045429587,exact,,name_unique,13
4402,Gurudev Dutt,A5007172474,exact,,name_unique,14
13608,Joanna Weremijewicz,A5074943945,exact,,name_unique,14
3557,Rainer Doemer,A5038891657,exact,,name_unique,16
13098,Amal Ibourk,A5024196212,exact,,name_unique,16
7412,Mirela Ciperiani,A5021559712,exact,,name_unique,17
14114,Maryam Khanbaghi,A5038724384,exact,,name_unique,17
14179,Romila Pradhan,A5079681236,exact,,name_unique,17
998,Renae Brodie,A5109094618,exact,,name_unique,18
3287,Renae Brodie,A5109094618,exact,,name_unique,18
15294,William Quintana,A5108388105,exact,,name_unique,18
15362,Philippe Le Floch,A5109448635,exact,,name_unique,18
16094,Kate Okikiolu,A5079299474,exact,,name_unique,18
1955,Raven McCrory,A5016420689,exact,,name_unique,19
12119,Ander Erickson,A5047739949,exact,,name_unique,19
12852,Urmila Mahadev,A5011207998,exact,,name_unique,19
14142,Mohammad Ghashami,A5057691788,exact,,name_unique,19
16438,Sebastian Ceria,A5108791219,exact,,name_unique,19
17174,Kurt Stirewalt,A5006795161,exact,,name_unique,19
482,Igor Mineyev,A5069868958,exact,,name_unique,20
939,Igor Mineyev,A5069868958,exact,,name_unique,20
1962,Bobby Jeanpierre,A5046547885,exact,,name_unique,20
12308,Alma Steingart,A5039679163,exact,,name_unique,20
14437,Subhradeep Roy,A5062073055,exact,,name_unique,20
12549,Susanne DiSalvo,A5055044625,exact,,name_unique,21
14810,Nicole Danos,A5090730158,exact,,name_unique,21
15797,Robert Noiva,A5064640996,exact,,name_unique,21
5569,Sigrid Elschot,A5036550417,exact,,name_unique,22
7106,Benjamin Carterette,A5109487140,exact,,name_unique,22
12814,Mayya Zhilova,A5009839680,exact,,name_unique,22
12865,Tanuj Gulati,A5039737644,exact,,name_unique,22
13599,Ina Petkova,A5065375431,exact,,name_unique,22
14508,Mia Naeini,A5038762345,exact,,name_unique,22
14678,Greses Perez,A5043112523,exact,,name_unique,22
3996,Nihal Dharmasiri,A5022776280,exact,,name_unique,23
6543,Higinio Dominguez,A5016080778,exact,,name_unique,23
8558,Vasile Nistor,A5026423719,exact,,name_unique,23
12367,Shetay Ashford-Hanserd,A5038059589,exact,,name_unique,23
14039,Charlie Fehl,A5086819371,exact,,name_unique,23
14372,Daniel Cristofaro-Gardiner,A5067789809,exact,,name_unique,23
14375,Akram Alishahi,A5039524026,exact,,name_unique,23
14598,Elnaz Banan Sadeghian,A5024085644,exact,,name_unique,23
421,Srinivas Manne,A5113351725,exact,,name_unique,24
6440,Kenneth Kamrin,A5108672030,exact,,name_unique,24
8428,Nadja Spitzer,A5043198680,exact,,name_unique,24
13464,Gheorghe Chistol,A5056925498,exact,,name_unique,24
13635,Yasmine El-Shamayleh,A5068080807,exact,,name_unique,24
14215,Seunghyun Sim,A5003793154,exact,,name_unique,24
14233,Itamar Lerner,A5044341747,exact,,name_unique,24
14443,Ellora Derenoncourt,A5072052080,exact,,name_unique,24
5611,Ibrahim Fatkullin,A5027870918,exact,,name_unique,25
7759,Jennifer Noll,A5039132314,exact,,name_unique,25
10149,Jennifer Noll,A5039132314,exact,,name_unique,25
10858,Sara Maloni,A5034019619,exact,,name_unique,25
12025,Kari Kokka,A5051207412,exact,,name_unique,25
13746,Dmitry Evtyushkin,A5087128492,exact,,name_unique,25
13900,Alison Ravenscraft,A5035177917,exact,,name_unique,25
14885,Kari Kokka,A5051207412,exact,,name_unique,25
2277,Seong Jin Koh,A5020159637,exact,,name_unique,26
4178,Klara Briknarova,A5059750676,exact,,name_unique,26
7763,Lea Goentoro,A5006166848,exact,,name_unique,26
11922,Danae Schulz,A5000253803,exact,,name_unique,26
14325,Nicoletta Fala,A5020094807,exact,,name_unique,26
14355,Aurelie Azoug,A5040990489,exact,,name_unique,26
408,Thomas Meixner,A5111605656,exact,,name_unique,27
1114,Julie Cwikla,A5032439226,exact,,name_unique,27
1432,Michel Bellini,A5051534350,exact,,name_unique,27
1995,Lee Markosian,A5022178837,exact,,name_unique,27
2315,Thomas Meixner,A5111605656,exact,,name_unique,27
2948,Christiane Wiese,A5011104088,exact,,name_unique,27
3732,Ivan Rasnik,A5007153294,exact,,name_unique,27
4880,Hector Viadiu,A5000170576,exact,,name_unique,27
5368,Parag Chordia,A5023426780,exact,,name_unique,27
8166,Kihyun Ryoo,A5005310494,exact,,name_unique,27
11413,Albert Dato,A5034740649,exact,,name_unique,27
12764,Megan Phifer-Rixey,A5028239317,exact,,name_unique,27
13850,Davoud Mozhdehi,A5080141945,exact,,name_unique,27
15052,Megan Phifer-Rixey,A5028239317,exact,,name_unique,27
15273,Erika Rogers,A5104362369,exact,,name_unique,27
16903,Erika Rogers,A5104362369,exact,,name_unique,27
1078,Brenda Bannan,A5090950947,exact,,name_unique,28
2428,Christoforos Kozyrakis,A5072960733,exact,,name_unique,28
4875,Terrence August,A5025387946,exact,,name_unique,28
5634,Kirsten Eisentraeger,A5075846413,exact,,name_unique,28
12020,Divya Sitaraman,A5061034487,exact,,name_unique,28
13642,Abbey Bourdon,A5067353271,exact,,name_unique,28
13669,Lindsey Kuper,A5065115190,exact,,name_unique,28
707,Ana Muriel,A5089058942,exact,,name_unique,29
7393,Jill Lany,A5090322904,exact,,name_unique,29
11185,Janet Walkoe,A5025323041,exact,,name_unique,29
14440,Joshua Brake,A5060827676,exact,,name_unique,29
15247,Ted Conway,A5081354580,exact,,name_unique,29
15263,Bapiraju Vinnakota,A5113630631,exact,,name_unique,29
676,Virginia de Sa,A5025854488,fuzzy,I36258959,round2_inst,1
1481,Jeffrey Heflin,A5109831244,fuzzy,I186143895,round2_inst,1
1830,Oscar D Dubon,A5111611223,fuzzy,I95457486,round2_inst,1
1839,J Maurice Rojas,A5080470100,fuzzy,I91045830,round2_inst,1
1842,Kevin T Holman,A5103351816,fuzzy,I184565670,round2_inst,1
1876,Chuan-kang Shih,A5110004296,alias,I33213144,round2_inst,1
2646,Jeffrey M Moehlis,A5111947965,fuzzy,I154570441,round2_inst,1
3464,Gookwon E Suh,A5112839659,fuzzy,I205783295,round2_inst,1
4472,Enrico J Ramirez-Ruiz,A5108887439,fuzzy,I185103710,round2_inst,1
4480,Matthew Kipper,A5103850455,fuzzy,I92446798,round2_inst,1
4493,Michael R Brudzinski,A5056977446,alias,I83328450,round2_inst,1
10365,Brendan T O'Connor,A5102560619,fuzzy,I24603500,round2_inst,1
13696,Geoffrey P Wehmeyer,A5097846097,fuzzy,I74775410,round2_inst,1
14596,Allison P Hayman,A5106848233,fuzzy,I188538660,round2_inst,1
15379,Oscar D Crisalle,A5104094479,fuzzy,I33213144,round2_inst,1
15549,Lisa McIlrath,A5060223941,fuzzy,I12912129,round2_inst,1
16013,Howard M Choset,A5110482005,fuzzy,I74973139,round2_inst,1
17268,Zachary H He,A5107517105,fuzzy,I71838634,round2_inst,1
282,Partha S Dutta,A5014922920,fuzzy,I165799507,round2_inst,2
522,Barbara M DiEugenio,A5016846481,fuzzy,I39422238,round2_inst,2
2202,Dean Toste,A5071191382,alias,I95457486,round2_inst,2
2815,Robert B Day,A5111423457,fuzzy,I87216513,round2_inst,2
4005,Daniel Cosley,A5003561964,alias,I205783295,round2_inst,2
4558,Ibrahim V Isler,A5050312361,fuzzy,I130238516,round2_inst,2
5387,Nicholas Panasik,A5025277389,alias,I16892885,round2_inst,2
5439,Georgios-Alex Dimakis,A5037843291,fuzzy,I1174212,round2_inst,2
6205,Valeriy Y Ivanov,A5087365093,fuzzy,I27837315,round2_inst,2
6242,Julia E Grigsby,A5033716755,fuzzy,I103531236,round2_inst,2
6917,Lester B Perry,A5112452650,fuzzy,I430192,round2_inst,2
8332,Kate Schilke,A5018786687,alias,I131249849,round2_inst,2
8450,Anthony N Vamivakas,A5076522391,fuzzy,I5388228,round2_inst,2
11501,John M Meacham,A5103939992,fuzzy,I204465549,round2_inst,2
12304,Olivia Feldman,A5113345763,fuzzy,I75027704,round2_inst,2
14059,Angel F Adames-Corraliza,A5090973633,fuzzy,I135310074,round2_inst,2
14180,Zareen G Aga,A5104632488,fuzzy,I11883440,round2_inst,2
15704,Miguel A Garcia-Garibay,A5008836153,fuzzy,I161318765,round2_inst,2
16184,Mark A Nanny,A5071358539,fuzzy,I8692664,round2_inst,2
16413,Jacqueline A Isaacs,A5069820858,fuzzy,I12912129,round2_inst,2
17216,Richard A Cheville,A5103558641,fuzzy,I115475287,round2_inst,2
17272,Christi L Magrath,A5013245117,fuzzy,I149292303,round2_inst,2
2609,Chinemelu Anumba,A5014702971,fuzzy,I130769515,round2_inst,3
4000,Traci L Stevens,A5087393614,fuzzy,I182555378,round2_inst,3
4758,Benjamin R Liblit,A5061551373,fuzzy,I135310074,round2_inst,3
6513,Christopher T Hittinger,A5006257739,fuzzy,I135310074,round2_inst,3
12649,Taran S Gujral,A5029487600,fuzzy,I4210089486,round2_inst,3
12702,Sherry S Sahebi,A5001771225,fuzzy,I392282,round2_inst,3
13232,Kandis L Abdul-Aziz,A5013730658,fuzzy,I103635307,round2_inst,3
15555,Juan M Pestana-Nascimento,A5035486428,fuzzy,I95457486,round2_inst,3
947,Douglas F Cowen,A5109395252,fuzzy,I130769515,round2_inst,4
1124,Charlie Hu,A5084028620,alias,I219193219,round2_inst,4
2279,Prasenjit N Guptasarma,A5103364380,fuzzy,I43579087,round2_inst,4
5635,Daniel J Lewis,A5112808541,fuzzy,I165799507,round2_inst,4
8680,Amanda J Weinstein,A5107931522,fuzzy,I173911158,round2_inst,4
9362,Bradley P Carrow,A5109223386,fuzzy,I20089843,round2_inst,4
16256,Bradley G Calder,A5012538132,fuzzy,I36258959,round2_inst,4
16917,Rodney E McNair,A5049472080,fuzzy,I86501945,round2_inst,4
17344,William N Street,A5103374719,fuzzy,I126307644,round2_inst,4
17384,Rodney E McNair,A5049472080,fuzzy,I126548940,round2_inst,4
1743,Jochen P Stutz,A5108316954,fuzzy,I161318765,round2_inst,5
2492,Karamvir Chatha,A5109037628,alias,I55732556,round2_inst,5
4801,Susan C Wang,A5034906807,fuzzy,I72951846,round2_inst,5
5234,Veronica Webster,A5004186051,alias,I11957088,round2_inst,5
6365,R Keith Slotkin,A5007947893,alias,I52357470,round2_inst,5
12184,Christopher J Parnin,A5026291943,fuzzy,I137902535,round2_inst,5
13773,Jing Tian,A5113938781,alias,I219193219,round2_inst,5
68,Vicki E Jones,A5103536614,fuzzy,I137902535,round2_inst,6
575,Carsten E Schuermann,A5065032923,fuzzy,I32971472,round2_inst,6
1412,Maria del Mar Lopez de Murphy,A5014583990,fuzzy,I130769515,round2_inst,6
1939,James T Oates,A5038285162,fuzzy,I79272384,round2_inst,6
1967,Alireza K Ziarani,A5107392298,fuzzy,I16944753,round2_inst,6
5259,Carleton Kingsford,A5029994273,alias,I66946132,round2_inst,6
7400,Stefan W Ballmer,A5104089408,fuzzy,I70983195,round2_inst,6
11433,Steven C Hankey,A5112895259,fuzzy,I859038795,round2_inst,6
14160,Tsu-Te J Su,A5030875633,fuzzy,I138006243,round2_inst,6
15945,Susan L Burkett,A5111950718,fuzzy,I17301866,round2_inst,6
328,Lois Schwarz,A5016300332,fuzzy,I78715868,round2_inst,7
971,Lois Schwarz,A5016300332,fuzzy,I82495205,round2_inst,7
1072,Teresa J Sylvina,A5059789646,fuzzy,I859038795,round2_inst,7
1393,Jacqueline J Li,A5076956013,fuzzy,I125687163,round2_inst,7
2381,Md A Haque,A5051334797,fuzzy,I130769515,round2_inst,7
6904,Aaron M Thomas,A5001369893,fuzzy,I6750721,round2_inst,7
7872,Natalie Y Arnett,A5027276746,fuzzy,I9254433,round2_inst,7
10992,Erin J Talvitie,A5078503328,fuzzy,I133543626,round2_inst,7
12329,Elisa Celis,A5076632474,exact,I32971472,round2_inst,7
13567,Diana C Loucks,A5082235725,fuzzy,I192545095,round2_inst,7
2554,Edward Kohler,A5077684047,alias,I161318765,round2_inst,8
2970,Nicholas G Feamster,A5021478789,fuzzy,I130701444,round2_inst,8
3115,Maria Caterina Santagata,A5108370826,alias,I219193219,round2_inst,8
7586,Jonathan M Chaika,A5036402750,fuzzy,I223532165,round2_inst,8
8836,Kristen Krupa,A5108834128,alias,I127591826,round2_inst,8
15102,Carolyn P Johnston,A5088693082,fuzzy,I63772739,round2_inst,8
15181,Luke F Lester,A5088179050,fuzzy,I169521973,round2_inst,8
15382,Colleen M Byron,A5040549737,fuzzy,I209336547,round2_inst,8
15707,Joy S Shetler,A5010937420,fuzzy,I149919469,round2_inst,8
16636,John M Rulnick,A5065981705,fuzzy,I107077323,round2_inst,8
315,Melissa M Rieger,A5061666309,fuzzy,I8692664,round2_inst,9
1621,Eric S Hsu,A5065557716,fuzzy,I71838634,round2_inst,9
1917,Christopher J Bailey-Kellogg,A5023535554,fuzzy,I107672454,round2_inst,9
3427,Jacob W Langelaan,A5112226702,fuzzy,I130769515,round2_inst,9
5889,Robert K Garrett,A5108147606,fuzzy,I52357470,round2_inst,9
7800,Joshua McDermott,A5112357329,alias,I63966007,round2_inst,9
13666,Doran I Raccah,A5052876054,fuzzy,I178169726,round2_inst,9
15072,Doran I Raccah,A5052876054,fuzzy,I86519309,round2_inst,9
16180,Marc P. C Fossorier,A5076440730,fuzzy,I1331384533,round2_inst,9
13354,Timothy Tsai,A5102923246,exact,I133543626,round2_inst,10
13460,Bharat J Venkat,A5022378515,fuzzy,I161318765,round2_inst,10
13873,Jaime Lopez-Mosqueda,A5034189588,exact,I177156846,round2_inst,10
15258,Edsel A Ammons,A5073901987,fuzzy,I8248082,round2_inst,10
15309,Terence E Parker,A5104105914,fuzzy,I167576493,round2_inst,10
388,Anne Reilly,A5111819322,alias,I16285277,round2_inst,11
7771,Jason S Chen,A5002444311,fuzzy,I173911158,round2_inst,11
14481,Paul Goetsch,A5079245814,alias,I11957088,round2_inst,11
15616,Douglas J Swenson,A5103629713,fuzzy,I11957088,round2_inst,11
15916,Douglas J Swenson,A5103629713,fuzzy,I11957088,round2_inst,11
16315,Scott Raschke,A5112773556,alias,I186143895,round2_inst,11
16463,Luke J Mawst,A5045944600,fuzzy,I135310074,round2_inst,11
16658,Jonathan G Rossie,A5006672493,fuzzy,I137902535,round2_inst,11
17142,Gabe V Garcia,A5020789233,fuzzy,I10052268,round2_inst,11
71,Jose N Kutz,A5104909426,fuzzy,I201448701,round2_inst,12
4435,Andrew V Newman,A5100998586,fuzzy,I130701444,round2_inst,12
4567,Andrew V Newman,A5100998586,fuzzy,I130701444,round2_inst,12
8542,Negar Ebadi,A5064821530,alias,I108468826,round2_inst,12
9050,Daniel C Rucker,A5103811929,fuzzy,I75027704,round2_inst,12
13079,Isaac L Bleaman,A5029110945,fuzzy,I95457486,round2_inst,12
13820,Christine M Dykstra,A5065033063,alias,I26538001,round2_inst,12
14306,Terrance Burgess,A5081185081,alias,I87216513,round2_inst,12
15415,Alexander J Rouch,A5108746236,fuzzy,I74022624,round2_inst,12
15669,Hsiu C Han,A5102142711,fuzzy,I173911158,round2_inst,12
31,Laura Langer,A5050368226,alias,I138006243,round2_inst,13
334,Kimberly L Foster,A5032022278,fuzzy,I154570441,round2_inst,13
1062,Lynette M Yarger,A5011567668,fuzzy,I130769515,round2_inst,13
1258,Jens U Noeckel,A5020621742,fuzzy,I181233156,round2_inst,13
5828,Steven Viscido,A5108443609,alias,I188405335,round2_inst,13
7213,Sarah E Gilman,A5081215256,fuzzy,I106107269,round2_inst,13
11428,Lauren Andrews,A5036971797,fuzzy,I24603500,round2_inst,13
12204,Christina B Cooley,A5033123952,fuzzy,I60060512,round2_inst,13
12511,Chelsey Z Hargather,A5065979857,fuzzy,I207123951,round2_inst,13
12720,Trevor S Elliott,A5044113467,fuzzy,I177097968,round2_inst,13
13771,Allison Lassiter,A5080050757,alias,I79576946,round2_inst,13
14152,Joyce G Onyenedum,A5000766708,fuzzy,I205783295,round2_inst,13
14517,Peng Zhang,A5100364052,alias,I102322142,round2_inst,13
15806,Helen Na,A5009233791,alias,I161318765,round2_inst,13
235,Darlene D Judd,A5088052719,fuzzy,I131249849,round2_inst,14
1121,Kevin Higgins,A5046268872,exact,I155781252,round2_inst,14
1672,Lynn A Salvati,A5073698005,fuzzy,I107639228,round2_inst,14
12336,Lisa W Wills,A5042221799,fuzzy,I170897317,round2_inst,14
13852,Minghao W Rostami,A5026873569,fuzzy,I70983195,round2_inst,14
13889,Seunghee Shin,A5071189588,alias,I123946342,round2_inst,14
13922,Tammie Visintainer,A5017808224,alias,I51504820,round2_inst,14
14028,Martha R Bhattacharya,A5082005980,fuzzy,I138006243,round2_inst,14
14110,Briana N Doering,A5025090554,fuzzy,I12834331,round2_inst,14
15444,Randall L Morrison,A5031390650,fuzzy,I87552059,round2_inst,14
15615,Michael D Thouless,A5112220067,fuzzy,I27837315,round2_inst,14
15919,Dana S Henry,A5109000535,fuzzy,I32971472,round2_inst,14
17251,Chuan-kang Shih,A5061758801,exact,I157725225,round2_inst,14
81,Rebecca Kohn,A5071838750,alias,I177753169,round2_inst,15
4648,Debra Johanning,A5018536740,alias,I90871651,round2_inst,15
10890,Jennifer L Derr,A5057213976,fuzzy,I185103710,round2_inst,15
11652,Joseph Ewoodzie,A5086084683,fuzzy,I141720752,round2_inst,15
12148,Michael A Bertucci,A5031506345,fuzzy,I205139184,round2_inst,15
13060,Sheree T Sharpe,A5084236555,fuzzy,I161057412,round2_inst,15
13147,Melissa B Gordon,A5069375182,fuzzy,I184759092,round2_inst,15
13196,Brandon R Davis,A5090410756,fuzzy,I146416000,round2_inst,15
13796,James G Heys,A5077990280,fuzzy,I223532165,round2_inst,15
14011,Brandon R Davis,A5090410756,fuzzy,I114832834,round2_inst,15
14237,Jerard V Gordon,A5016752536,fuzzy,I27837315,round2_inst,15
15396,Michael K Reddy,A5102168141,fuzzy,I43579087,round2_inst,15
16568,Thomas J Wiese,A5036573658,fuzzy,I91083438,round2_inst,15
16704,Martha L Escobar-Molano,A5073795908,fuzzy,I2613432,round2_inst,15
16877,Teresa M Perney,A5113603329,fuzzy,I102322142,round2_inst,15
578,Ioannis Papapolymerou,A5084257598,alias,I130701444,round2_inst,16
4260,Kurtis G Paterson,A5109187916,fuzzy,I11883440,round2_inst,16
7710,Bronwyn H Bleakley,A5032655012,fuzzy,I80335173,round2_inst,16
9085,Hysell Oviedo,A5038736421,alias,I125687163,round2_inst,16
10413,Maisie Gholson,A5008675811,alias,I27837315,round2_inst,16
11896,Robert Patro,A5110572855,alias,I66946132,round2_inst,16
12399,Catalina Cuellar Gempeler,A5008198397,exact,I192389796,round2_inst,16
13485,Ayrton A Bernussi,A5055517988,fuzzy,I12315562,round2_inst,16
14150,Sharon Li,A5076432790,alias,I135310074,round2_inst,16
14421,Gheorghi Guzun,A5021597531,alias,I51504820,round2_inst,16
14707,Janice Mak,A5007464672,alias,I55732556,round2_inst,16
14922,Chia-Yi Chiu,A5056453298,alias,I130238516,round2_inst,16
15485,Ann M Flower,A5013321251,fuzzy,I24571045,round2_inst,16
16591,Linda R Barrett,A5010927981,fuzzy,I110152177,round2_inst,16
227,Peter J Meberg,A5013157502,fuzzy,I24571045,round2_inst,17
1445,Abbe Herzig,A5019764789,alias,I392282,round2_inst,17
2348,Dmitri E Feldman,A5113890227,fuzzy,I27804330,round2_inst,17
2645,Deborah K Follman,A5108214825,fuzzy,I219193219,round2_inst,17
4280,Nancy K Lape,A5055142254,fuzzy,I133543626,round2_inst,17
4447,Megan Spence,A5076041904,alias,I170201317,round2_inst,17
4771,Justin M Ramsey,A5100827200,fuzzy,I5388228,round2_inst,17
6976,AUTUMN E KENT,A5039114223,fuzzy,I135310074,round2_inst,17
8053,Justin M Ramsey,A5100827200,fuzzy,I75350188,round2_inst,17
10017,Benjamin C Gorske,A5005939723,fuzzy,I135474949,round2_inst,17
12712,Lynne Dieckman,A5069812407,alias,I114493937,round2_inst,17
12980,Linda Zou,A5079412359,alias,I66946132,round2_inst,17
14576,Samantha A Vortherms,A5050458528,fuzzy,I204250578,round2_inst,17
15419,Michael T K Horvath,A5069946501,fuzzy,I97018004,round2_inst,17
15860,Rita A Gregory,A5047490472,fuzzy,I130701444,round2_inst,17
16354,Mark L Pitt,A5107145284,fuzzy,I859038795,round2_inst,17
17306,Taylor Allen,A5080994936,exact,I70571728,round2_inst,17
1194,Laura J Harrell,A5000491676,fuzzy,I81365321,round2_inst,18
2295,Lok C Lew Yan Voon,A5004713413,fuzzy,I19648265,round2_inst,18
4759,Nicole A LaRonde,A5054809967,fuzzy,I66946132,round2_inst,18
6327,Michelle O Claville,A5071408084,fuzzy,I151328261,round2_inst,18
7159,Emma Coddington,A5111880943,exact,I141670070,round2_inst,18
7311,Elizabeth Dirk,A5090567091,fuzzy,I169521973,round2_inst,18
9077,Jean P Gaffney,A5004311894,fuzzy,I141810926,round2_inst,18
10547,Sara K Olson,A5085878219,fuzzy,I177881444,round2_inst,18
13765,Perla Ayala,A5060332267,alias,I59897056,round2_inst,18
14228,Matthew G Niepielko,A5025252125,fuzzy,I47449453,round2_inst,18
14252,Nicholas Tsolas,A5040567926,alias,I82497590,round2_inst,18
14335,Nicholas C Johnson,A5039574200,fuzzy,I26538001,round2_inst,18
14490,Jason E Heindl,A5048431722,fuzzy,I44265643,round2_inst,18
15724,Kenneth Y Yun,A5112172140,fuzzy,I36258959,round2_inst,18
16241,Peter W Coschigano,A5048455118,fuzzy,I4210106879,round2_inst,18
559,Charlene A Yauch,A5036491955,fuzzy,I115475287,round2_inst,19
673,Barbara L Gonzalez,A5103963766,fuzzy,I142934699,round2_inst,19
783,Audra M Bullock,A5048673179,fuzzy,I1331384533,round2_inst,19
808,Mary Gin,A5021256764,fuzzy,I157725225,round2_inst,19
1219,Ramani S Pilla,A5062975531,fuzzy,I58956616,round2_inst,19
3256,Charlene A Yauch,A5036491955,fuzzy,I50702494,round2_inst,19
5763,Jane M Liu,A5055153415,fuzzy,I177880774,round2_inst,19
8231,Christina M Hartman,A5108708272,fuzzy,I121980950,round2_inst,19
10077,Elizabeth Chiarello,A5017780894,exact,I47838141,round2_inst,19
10561,Andrea I Silverman,A5046052321,fuzzy,I57206974,round2_inst,19
10984,Zaher Hani,A5104651760,exact,I27837315,round2_inst,19
12283,Andrew K Lawton,A5028611132,fuzzy,I99041443,round2_inst,19
14682,Irina Bobkova,A5103111569,alias,I91045830,round2_inst,19
14791,Daniel A Jacobs,A5073752075,fuzzy,I84392919,round2_inst,19
14953,Wei Ho,A5110725131,alias,I20089843,round2_inst,19
16073,Jeff Hollingsworth,A5114001621,exact,I66946132,round2_inst,19
16443,Kenneth D Turnbull,A5112447868,fuzzy,I78715868,round2_inst,19
16569,Yong-Qian Sun,A5100567716,alias,I157725225,round2_inst,19
16601,Carmela C Amato-Wierda,A5034488133,fuzzy,I161057412,round2_inst,19
17156,Maarten A Rutgers,A5109123220,fuzzy,I52357470,round2_inst,19
6218,Jason M Belitsky,A5015904179,fuzzy,I70571728,round2_inst,20
9379,Emily J McLaurin,A5067164161,fuzzy,I189590672,round2_inst,20
9954,Dorthe Eisele,A5007937028,alias,I125687163,round2_inst,20
10674,Stephanie McCalla,A5062756974,alias,I23732399,round2_inst,20
11310,Cristian H Danna,A5051994970,fuzzy,I51556381,round2_inst,20
13124,Suzanne R Lee,A5086382810,fuzzy,I52669646,round2_inst,20
15037,Connie B Chang,A5087345873,fuzzy,I1330342723,round2_inst,20
15177,Smaragda Konstantinidou,A5078318947,alias,I145311948,round2_inst,20
15337,Murat Azizoglu,A5103540518,alias,I201448701,round2_inst,20
548,Karen G Hales,A5051325255,fuzzy,I141720752,round2_inst,21
1308,Michelle L Hamm,A5085453319,fuzzy,I158012942,round2_inst,21
5435,Colleen G Farmer,A5110851800,fuzzy,I223532165,round2_inst,21
10370,Jacob H Hines,A5002845006,fuzzy,I5795714,round2_inst,21
11725,Kevin Escudero,A5053636907,exact,I27804330,round2_inst,21
12044,Kathryn A Mariner,A5077769486,fuzzy,I5388228,round2_inst,21
12188,Steven Frankel,A5103187541,exact,I204465549,round2_inst,21
12509,Samuel D Snow,A5089349049,fuzzy,I121820613,round2_inst,21
13470,Nicole L Louie,A5050676854,fuzzy,I135310074,round2_inst,21
14174,Linh M Truong,A5049876681,fuzzy,I27837315,round2_inst,21
14298,Mercedes M Burns,A5054310167,fuzzy,I79272384,round2_inst,21
15314,Pamela H Vance,A5012322436,fuzzy,I82497590,round2_inst,21
15624,David R Kanis,A5025412258,fuzzy,I74234424,round2_inst,21
16648,Michael A McAlear,A5059301464,fuzzy,I100538780,round2_inst,21
17352,Pamela H Vance,A5012322436,fuzzy,I150468666,round2_inst,21
45,Kathleen A Pickering,A5010307837,fuzzy,I92446798,round2_inst,22
199,Stephen C Nold,A5113563162,fuzzy,I1921588,round2_inst,22
460,Britt N Thomas,A5022338067,fuzzy,I121820613,round2_inst,22
5788,Beth E Thompson,A5040851473,fuzzy,I186335123,round2_inst,22
6273,Sarina R Saturn,A5090541786,fuzzy,I131249849,round2_inst,22
7181,Stephen L Levy,A5021797257,fuzzy,I123946342,round2_inst,22
8260,Jeffery M Wereszczynski,A5069496066,fuzzy,I180949307,round2_inst,22
8718,Sarina R Saturn,A5090541786,fuzzy,I71578702,round2_inst,22
9300,Clint Carroll,A5088399372,alias,I188538660,round2_inst,22
14369,Shauna M Paradine,A5017227977,fuzzy,I5388228,round2_inst,22
15481,Frederick S Walters,A5044198025,fuzzy,I6312358,round2_inst,22
15498,Kathryn E McLane,A5110098775,fuzzy,I130238516,round2_inst,22
15610,Chris E Scott,A5103452858,fuzzy,I63966007,round2_inst,22
16020,Christopher Colby,A5109545176,alias,I1925986,round2_inst,22
16047,Makola M Abdullah,A5108516375,fuzzy,I8248082,round2_inst,22
16458,Britt N Thomas,A5022338067,fuzzy,I12834331,round2_inst,22
113,Adrienne T Cooper,A5087871895,fuzzy,I155781252,round2_inst,23
1141,Cynthia E Winston,A5000387376,fuzzy,I137853757,round2_inst,23
1252,Alan J Kennan,A5078820044,fuzzy,I92446798,round2_inst,23
1866,Adrienne T Cooper,A5087871895,fuzzy,I84392919,round2_inst,23
2400,Martin J Mohlenkamp,A5080460291,fuzzy,I4210106879,round2_inst,23
5282,David A Penry,A5010358280,fuzzy,I100005738,round2_inst,23
5824,Matthew R Hemm,A5069528406,fuzzy,I4322298,round2_inst,23
7426,Makeba P Wilbourn,A5060997708,fuzzy,I170897317,round2_inst,23
10830,Ryan J Rafferty,A5070387497,fuzzy,I189590672,round2_inst,23
11104,Kara E Powder,A5009662667,fuzzy,I8078737,round2_inst,23
11231,Ryan S Jones,A5069013314,fuzzy,I169615421,round2_inst,23
12225,Evangelia Bellas,A5103048671,exact,I84392919,round2_inst,23
12456,Devin L Shaffer,A5062203469,fuzzy,I44461941,round2_inst,23
12583,Mubarak Hussain Syed,A5008752806,alias,I169521973,round2_inst,23
12861,Tayloria Adams,A5044852808,alias,I204250578,round2_inst,23
13162,Kirsten Fisher,A5059964164,alias,I27825529,round2_inst,23
13203,Matthew L Wohlever,A5043607051,fuzzy,I90871651,round2_inst,23
13901,Domenico F Galati,A5077631650,fuzzy,I52669646,round2_inst,23
14289,Carl A Denard,A5020535222,fuzzy,I33213144,round2_inst,23
15083,Matthew L Wohlever,A5043607051,fuzzy,I170201317,round2_inst,23
15201,Liming Chang,A5103965849,alias,I130769515,round2_inst,23
15651,Peter A Thompson,A5076007738,fuzzy,I170897317,round2_inst,23
15713,Natacha DePaola,A5068498963,alias,I165799507,round2_inst,23
16125,Bruce A Jackson,A5049284453,fuzzy,I111088046,round2_inst,23
17007,Ana I Anton,A5103332044,fuzzy,I137902535,round2_inst,23
272,Christopher Woodward,A5108377818,alias,I102322142,round2_inst,24
4035,Bethany K Zolman,A5023123673,fuzzy,I208333798,round2_inst,24
5452,Peter Chien,A5109218004,exact,I135310074,round2_inst,24
6532,Stuart J Haring,A5079435858,fuzzy,I57328836,round2_inst,24
6798,Tai A Melcher,A5026185294,fuzzy,I51556381,round2_inst,24
7265,Alexander Olshevsky,A5112449095,alias,I157725225,round2_inst,24
9456,Alexander Olshevsky,A5112449095,exact,I111088046,round2_inst,24
9846,Ward Lyles,A5076390873,exact,I146416000,round2_inst,24
10052,Sylvia Rodriguez-Abudo,A5053929890,alias,I60388903,round2_inst,24
10385,Troy Shirangi,A5060866747,alias,I7863295,round2_inst,24
10841,Julie A Pigza,A5001489271,fuzzy,I44854399,round2_inst,24
10846,Malte C Ziewitz,A5048342313,fuzzy,I205783295,round2_inst,24
12323,Mark S Chen,A5072105403,fuzzy,I186143895,round2_inst,24
12382,So Young Ryu,A5101664772,alias,I134113660,round2_inst,24
13340,Sherice Clarke,A5024735659,alias,I36258959,round2_inst,24
13691,Marilyn R Mackiewicz,A5024070770,fuzzy,I131249849,round2_inst,24
14821,Won Min Park,A5030940683,exact,I189590672,round2_inst,24
15807,Daniel B Lieman,A5089027727,fuzzy,I76835614,round2_inst,24
16610,Xiaoyang Wang,A5031351490,fuzzy,I162714631,round2_inst,24
16872,Christopher J Grayce,A5053042752,fuzzy,I204250578,round2_inst,24
697,Robert Kukta,A5057702469,alias,I59553526,round2_inst,25
810,Michael R Carrasco,A5037568492,fuzzy,I16269868,round2_inst,25
1462,Frieder Jaekle,A5067894921,alias,I102322142,round2_inst,25
3116,Ray A Luechtefeld,A5110148644,fuzzy,I20382870,round2_inst,25
3129,Jonathan W Bender,A5108385263,fuzzy,I155781252,round2_inst,25
4214,Cameron Charles,A5007079313,alias,I223532165,round2_inst,25
5745,Ray A Luechtefeld,A5110148644,fuzzy,I708430,round2_inst,25
7663,Kristina L Hillesland,A5044235172,fuzzy,I201448701,round2_inst,25
8245,Patrick D Curtis,A5071879555,fuzzy,I368840534,round2_inst,25
8429,Cheryl L Van Buskirk,A5049494776,fuzzy,I157638225,round2_inst,25
9537,Sepehr Vakil,A5005478589,exact,I86519309,round2_inst,25
9785,Coleen M Carrigan,A5018458162,fuzzy,I149919469,round2_inst,25
10316,Michael Hilinski,A5000965330,alias,I51556381,round2_inst,25
10640,Joseph S Levy,A5108506704,fuzzy,I39660569,round2_inst,25
10915,Sepehr Vakil,A5005478589,exact,I111979921,round2_inst,25
11083,Austin L Buchanan,A5006813161,fuzzy,I115475287,round2_inst,25
12631,Anurag Khandelwal,A5031018906,alias,I32971472,round2_inst,25
13245,Joseph P Gerdt,A5067454445,fuzzy,I592451,round2_inst,25
13267,Xuecai Ge,A5003450162,alias,I156087764,round2_inst,25
13404,Matthew Ballinger,A5089484586,fuzzy,I99041443,round2_inst,25
14045,Ana Bahamonde,A5080769788,exact,I103635307,round2_inst,25
14649,David H Gutman,A5056612545,fuzzy,I12315562,round2_inst,25
14828,YONGJIAN QIU,A5089034223,exact,I368840534,round2_inst,25
16338,Frank M Zimmermann,A5090785093,fuzzy,I102322142,round2_inst,25
1283,Sytske K Kimball,A5043020879,fuzzy,I83809506,round2_inst,26
3081,Chelsey D Baertsch,A5062308020,fuzzy,I219193219,round2_inst,26
4143,Shengyuan Yang,A5043644294,exact,I106959904,round2_inst,26
7689,Peter Bergholz,A5002243067,alias,I57328836,round2_inst,26
8202,Melissa J Luna,A5030847595,fuzzy,I12097938,round2_inst,26
8875,Megan L Povelones,A5041363363,fuzzy,I130769515,round2_inst,26
8916,Lorraine M Males,A5058030810,fuzzy,I114395901,round2_inst,26
10622,Kristen Dorsey,A5046715535,alias,I202524275,round2_inst,26
11009,Erika I Hersch-Green,A5061111812,fuzzy,I11957088,round2_inst,26
11233,Brian L Cannon,A5030506894,fuzzy,I1925986,round2_inst,26
11941,Megan L Povelones,A5041363363,fuzzy,I7863295,round2_inst,26
12231,Manos Kapritsos,A5083609711,alias,I27837315,round2_inst,26
12640,Nicole J Labbe,A5079811325,fuzzy,I188538660,round2_inst,26
12860,Don Daniels,A5056849444,alias,I181233156,round2_inst,26
12984,Kristin E Dittenhafer-Reed,A5028733853,fuzzy,I145402516,round2_inst,26
13023,Andrea D Pickel,A5055093637,fuzzy,I5388228,round2_inst,26
13286,Robin E Thomson,A5066667275,fuzzy,I130238516,round2_inst,26
13975,Kristen Dorsey,A5046715535,alias,I12912129,round2_inst,26
14804,Vishal Shrivastav,A5102900031,alias,I219193219,round2_inst,26
15160,Richard D Broene,A5086628375,fuzzy,I135474949,round2_inst,26
16146,Jill B Keeney,A5018915388,fuzzy,I51812067,round2_inst,26
16340,Rachel S Goldman,A5025852257,fuzzy,I27837315,round2_inst,26
16499,Timothy W Short,A5009374655,fuzzy,I111455621,round2_inst,26
16835,Marc W Perkovic,A5113872611,fuzzy,I141649380,round2_inst,26
17114,Martha J Grossel,A5077396887,fuzzy,I4498119,round2_inst,26
17328,Robert D Harten,A5060027111,fuzzy,I102322142,round2_inst,26
1178,Barrett N Rogers,A5026321185,fuzzy,I107672454,round2_inst,27
1853,Anna Berge,A5091757173,alias,I141472210,round2_inst,27
2015,Frederick J Vetter,A5044119165,fuzzy,I17626003,round2_inst,27
3682,Tait S Pottebaum,A5020484569,fuzzy,I1174212,round2_inst,27
5352,Jana Shen,A5103575399,fuzzy,I8692664,round2_inst,27
5417,Alexey Arkov,A5003851808,alias,I127362389,round2_inst,27
5851,Susan Peters,A5012765401,alias,I142740786,round2_inst,27
6571,Margaret E Glasner,A5016336553,fuzzy,I91045830,round2_inst,27
7728,John P Masly,A5026227940,fuzzy,I8692664,round2_inst,27
8017,A  Joshua West,A5103641321,alias,I1174212,round2_inst,27
8610,David Gorin,A5079865655,alias,I202524275,round2_inst,27
9540,Samantha Daley,A5026704750,alias,I5388228,round2_inst,27
9625,Brent L Lockwood,A5041011145,fuzzy,I111236770,round2_inst,27
9899,Siris O Laursen,A5043713785,fuzzy,I75027704,round2_inst,27
10093,Carie J Green,A5016459197,fuzzy,I141472210,round2_inst,27
10669,Nicholas R Sandoval,A5061415635,fuzzy,I114832834,round2_inst,27
11276,Dawn H Nagel,A5008414483,fuzzy,I103635307,round2_inst,27
11795,Kelly N Chacon,A5017113417,fuzzy,I55486353,round2_inst,27
12546,Frances K Harper,A5044295855,fuzzy,I75027704,round2_inst,27
12651,Curtis C Cain,A5046867959,fuzzy,I137853757,round2_inst,27
12820,Sheel C Ganatra,A5023715795,fuzzy,I1174212,round2_inst,27
13107,Valerie Peters,A5091302266,alias,I110325482,round2_inst,27
13898,Kensha M Clark,A5067733404,fuzzy,I94658018,round2_inst,27
13951,Carie J Green,A5016459197,fuzzy,I177156846,round2_inst,27
14084,Blair A Johnson,A5088456806,fuzzy,I86519309,round2_inst,27
14211,Yuansi Chen,A5103170781,alias,I170897317,round2_inst,27
14334,Tracy Hookway,A5024749463,alias,I123946342,round2_inst,27
14450,Martijn Ijtsma,A5010983684,alias,I52357470,round2_inst,27
14780,Melissa L Zastrow,A5044252354,fuzzy,I44461941,round2_inst,27
14861,Monica Allen,A5042266489,exact,I36258959,round2_inst,27
14867,Carissa N Eisler,A5014485969,fuzzy,I161318765,round2_inst,27
15088,Kensha M Clark,A5067733404,fuzzy,I368840534,round2_inst,27
16137,Craig T Woodard,A5069755581,fuzzy,I150693791,round2_inst,27
16839,Jeffrey B Carruthers,A5003306841,fuzzy,I111088046,round2_inst,27
17019,Anton V Andreev,A5112460995,fuzzy,I188538660,round2_inst,27
17058,James A Stori,A5108634434,fuzzy,I157725225,round2_inst,27
646,Junling Hu,A5103937904,exact,I5388228,round2_inst,28
860,Ginger Withers,A5028344603,alias,I138943879,round2_inst,28
1014,Robert E Bodenheimer,A5061873327,fuzzy,I200719446,round2_inst,28
1733,Levent F Degertekin,A5091595708,fuzzy,I130701444,round2_inst,28
2112,John J Love,A5042397020,fuzzy,I26538001,round2_inst,28
2722,Quinetta D Shelby,A5024802794,fuzzy,I118353179,round2_inst,28
3515,Rebecca B Dupaix,A5030249371,fuzzy,I52357470,round2_inst,28
6632,Julian L Fairey,A5023103546,fuzzy,I78715868,round2_inst,28
6948,Jack Bateman,A5085435570,alias,I135474949,round2_inst,28
8347,Alessandro Arlotto,A5063956175,alias,I170897317,round2_inst,28
8944,Geoffrey D Findlay,A5017839539,fuzzy,I107139065,round2_inst,28
8954,Huan Hsuan Hsu,A5009808730,alias,I121934306,round2_inst,28
9584,Shudipto K Dishari,A5010066746,fuzzy,I114395901,round2_inst,28
11190,Xun Jian,A5077598145,alias,I859038795,round2_inst,28
11222,Lily S Cheung,A5062157355,fuzzy,I130701444,round2_inst,28
11696,Myles B Poulin,A5090193367,fuzzy,I66946132,round2_inst,28
12238,DeLean Tolbert Smith,A5083820890,alias,I4210130704,round2_inst,28
13655,Erin A Henslee,A5055025748,fuzzy,I47251452,round2_inst,28
14026,Andra J Garner,A5003466014,fuzzy,I44265643,round2_inst,28
14213,Tolani A Britton,A5051039292,fuzzy,I95457486,round2_inst,28
14568,Ramya Korlakai Vinayak,A5022057934,exact,I135310074,round2_inst,28
14714,Monday U Okoronkwo,A5031789466,fuzzy,I20382870,round2_inst,28
14970,Xun Jian,A5077598145,alias,I859038795,round2_inst,28
16452,Bennet S Yee,A5112752704,fuzzy,I36258959,round2_inst,28
16706,Kim D Reisinger,A5056729539,fuzzy,I33213144,round2_inst,28
16829,Karen E Kirk,A5113553910,fuzzy,I162514690,round2_inst,28
17143,Kevin S Amaratunga,A5108337821,fuzzy,I63966007,round2_inst,28
151,Walter M Stroup,A5062126732,fuzzy,I223532165,round2_inst,29
675,Jonathan L Herlocker,A5109877919,fuzzy,I131249849,round2_inst,29
2099,Scott W Stevens,A5060853964,fuzzy,I86519309,round2_inst,29
2291,Walter M Stroup,A5062126732,fuzzy,I86519309,round2_inst,29
2917,Kevin W Kittredge,A5109440365,fuzzy,I83328450,round2_inst,29
3554,Diana S Chu,A5077641315,fuzzy,I71838634,round2_inst,29
4663,Jason G Gillmore,A5029981040,fuzzy,I145402516,round2_inst,29
5922,Amir-Hamed Mohsenian-Rad,A5109180838,alias,I12315562,round2_inst,29
6043,Evan A Zamir,A5036768409,fuzzy,I130701444,round2_inst,29
6724,Stephen O'Driscoll,A5020490818,alias,I84218800,round2_inst,29
6762,Lauren B Benz,A5033570854,fuzzy,I160856358,round2_inst,29
7000,David R Angelini,A5017445148,fuzzy,I27504731,round2_inst,29
7390,Mona A Atia,A5016714485,fuzzy,I193531525,round2_inst,29
8421,Chuan Xue,A5015936392,exact,I52357470,round2_inst,29
9514,Eve I Manz,A5090125136,fuzzy,I111088046,round2_inst,29
9764,Kelly M Sullivan,A5047882967,fuzzy,I78715868,round2_inst,29
9838,Zoe H Wool,A5020365830,fuzzy,I74775410,round2_inst,29
11032,Sarah C Petersen,A5078824023,fuzzy,I166972335,round2_inst,29
11618,Hyewon K Pechkis,A5084362008,fuzzy,I36053171,round2_inst,29
12472,Marie-Odile P Fortier,A5015143740,fuzzy,I156087764,round2_inst,29
12602,Lon M Chubiz,A5007065407,fuzzy,I208333798,round2_inst,29
12891,Chuan Xue,A5015936392,alias,I130238516,round2_inst,29
13493,Brittany N Anderson,A5088101590,fuzzy,I102149020,round2_inst,29
14100,Hannah Sande,A5000951850,alias,I95457486,round2_inst,29
14218,Xiumin Du,A5065027547,alias,I111979921,round2_inst,29
14607,Siyuan Rao,A5066793341,alias,I24603500,round2_inst,29
14672,Cecilia F Mondaini,A5079585562,fuzzy,I72816309,round2_inst,29
14694,Han-Jae J Cho,A5017240384,alias,I133999245,round2_inst,29
14980,Marie-Odile P Fortier,A5015143740,fuzzy,I133999245,round2_inst,29
15234,Susan T Graul,A5076702893,fuzzy,I74973139,round2_inst,29
15492,Andrew G Campbell,A5084286664,fuzzy,I27804330,round2_inst,29
15851,Elizabeth M Sanford,A5003743501,fuzzy,I145402516,round2_inst,29
16090,Guotong T Zhou,A5102071978,fuzzy,I130701444,round2_inst,29
16200,Kristin K Kumashiro,A5085384685,fuzzy,I1331384533,round2_inst,29
16833,Kelly T Miller,A5002936223,fuzzy,I167576493,round2_inst,29
16984,William N Brandt,A5108726872,fuzzy,I130769515,round2_inst,29
25,Avrom Pfeffer,A5052011602,fuzzy,,round3_semantic,1
233,Annamaria B Amenta,A5081427725,fuzzy,,round3_semantic,1
261,Wilson K. S. Chiu,A5031802549,alias,I140172145,round3_semantic,1
524,Gregory D Conradi Smith,A5103196782,fuzzy,I16285277,round3_semantic,1
538,Thomas F Turner,A5041749582,fuzzy,I169521973,round3_semantic,1
777,Ian R Fisher,A5081280172,alias,,round3_semantic,1
892,Emilia P Martins,A5106731582,fuzzy,,round3_semantic,1
1288,Amanda C Bryant-Friedrich,A5104705460,fuzzy,,round3_semantic,1
1415,Annamaria B Amenta,A5081427725,fuzzy,,round3_semantic,1
1611,Andrew B McDonald,A5009216377,fuzzy,,round3_semantic,1
1776,Stephen P O'Brien,A5084358603,fuzzy,,round3_semantic,1
1831,Christopher J Levy,A5091263094,alias,,round3_semantic,1
1885,Philip L Cole,A5021236397,exact,,round3_semantic,1
1912,Grigori R Humphreys,A5051411859,fuzzy,,round3_semantic,1
2096,Tze Sing E Ng,A5054574251,fuzzy,,round3_semantic,1
2155,Daniel E Reichart,A5109384191,fuzzy,I114027177,round3_semantic,1
2251,David Cocker III,A5049557974,fuzzy,,round3_semantic,1
2919,Jeffrey G Gray,A5110554218,fuzzy,,round3_semantic,1
3145,Dibbon K Walters,A5081535250,fuzzy,,round3_semantic,1
4050,J Mathias Weber,A5057124199,fuzzy,,round3_semantic,1
4067,itshack G Pe'er,A5053858898,fuzzy,,round3_semantic,1
4223,Eva B Schubert,A5048501382,fuzzy,,round3_semantic,1
4227,Jason R Petta,A5051907261,fuzzy,,round3_semantic,1
4292,Yu-Lin Shen,A5110383952,exact,I169521973,round3_semantic,1
4405,Andrew J Campbell,A5104115494,exact,,round3_semantic,1
4655,Georgeta-Elisab Marai,A5061510140,fuzzy,,round3_semantic,1
4960,Emanuela S Andreescu,A5028572200,alias,,round3_semantic,1
5053,Matthew E Pritchard,A5081214738,fuzzy,,round3_semantic,1
5087,Meinhard B Cardenas,A5095025855,fuzzy,,round3_semantic,1
5135,Nils W Halverson,A5107883874,fuzzy,,round3_semantic,1
5201,Jeffrey G Gray,A5110554218,fuzzy,,round3_semantic,1
5273,Yogesh N Joglekar,A5101097680,alias,,round3_semantic,1
5279,Preston T Fletcher,A5034680790,fuzzy,,round3_semantic,1
5280,Gregory G Howes,A5004807319,fuzzy,,round3_semantic,1
6344,Andrew J Campbell,A5104115494,exact,,round3_semantic,1
6491,Hai Lin,A5101142964,exact,I107639228,round3_semantic,1
6879,Taylor Martin,A5102173258,fuzzy,I121980950,round3_semantic,1
7341,Lindley A Winslow,A5101176936,fuzzy,,round3_semantic,1
8121,Georgeta-Elisab Marai,A5061510140,fuzzy,,round3_semantic,1
8305,Benjamin S Elias,A5112623651,fuzzy,,round3_semantic,1
8624,Lindley A Winslow,A5101176936,fuzzy,,round3_semantic,1
9191,Chi Yan Jeffrey Teo,A5097460733,alias,,round3_semantic,1
9484,Victor M Zavala Tejeda,A5074232087,fuzzy,,round3_semantic,1
9489,Jin-Oh Hahn,A5112635817,exact,I66946132,round3_semantic,1
9689,Hassan G Zadeh,A5071440578,fuzzy,,round3_semantic,1
9837,Lars Ruthotto,A5095370849,exact,I150468666,round3_semantic,1
10315,Metin M Aktulga,A5092031182,fuzzy,,round3_semantic,1
10381,Lauren A O'Connell,A5060980531,fuzzy,,round3_semantic,1
10459,Steven M Bowers,A5108888118,fuzzy,I51556381,round3_semantic,1
10563,Diego A Gomez-Gualdron,A5108149142,fuzzy,I167576493,round3_semantic,1
11184,Samuel D Gordon,A5110190612,fuzzy,,round3_semantic,1
11262,Philip Anderson,A5112616639,fuzzy,I157725225,round3_semantic,1
11477,Pierre A Gourdain,A5104193141,fuzzy,,round3_semantic,1
11675,Denver W Whittington,A5105194350,fuzzy,,round3_semantic,1
12113,William Fefferman,A5060042204,fuzzy,,round3_semantic,1
12443,Frank G Schroeder,A5108137885,fuzzy,,round3_semantic,1
13036,Sylvia L Woodrose Schwartz,A5022701645,fuzzy,,round3_semantic,1
13297,Morgan R Raven,A5102470622,fuzzy,,round3_semantic,1
13387,Christos Psomas,A5038426824,fuzzy,,round3_semantic,1
13498,Zeynel B Celik,A5103902649,fuzzy,,round3_semantic,1
13648,Gregory C Durrett,A5034923230,fuzzy,,round3_semantic,1
13970,Hassan G Zadeh,A5071440578,fuzzy,,round3_semantic,1
14135,Jeffrey Nivala,A5055159505,fuzzy,,round3_semantic,1
14346,José M Martinez Hinestroza,A5087931966,fuzzy,,round3_semantic,1
14376,Thomason W Price,A5028882730,fuzzy,,round3_semantic,1
14623,Sumanta Basu,A5104007159,exact,I205783295,round3_semantic,1
14768,Thibaud O Taillefumier,A5103246002,fuzzy,I86519309,round3_semantic,1
14797,Carlos A Arguelles Delgado,A5092553386,fuzzy,I136199984,round3_semantic,1
15027,Isuru S Godage,A5069538037,alias,,round3_semantic,1
15328,Nitin H Vaidya,A5009900699,alias,,round3_semantic,1
15373,Jesus R Villalobos,A5111257510,fuzzy,,round3_semantic,1
15468,Corbin E Covault,A5102646360,fuzzy,,round3_semantic,1
15717,T Randall Lee,A5030208522,alias,I44461941,round3_semantic,1
16044,Jose L Cruz-Rivera,A5046827459,fuzzy,I60388903,round3_semantic,1
16230,Zhong L Wang,A5102493887,fuzzy,I130701444,round3_semantic,1
16432,Bradley S Adelberg,A5057144689,fuzzy,,round3_semantic,1
16445,Kenneth L Shepard,A5067917421,fuzzy,I78577930,round3_semantic,1
16545,Philip L Cole,A5021236397,exact,,round3_semantic,1
16713,Feniosky Pena-Mora,A5012265019,fuzzy,I63966007,round3_semantic,1
16739,Narayana R Aluru,A5009311265,alias,,round3_semantic,1
16947,Gerard T Blanchard,A5033741588,fuzzy,,round3_semantic,1
17040,John W Goodwine,A5083625572,fuzzy,,round3_semantic,1
17049,Philip S Stevens,A5113968115,fuzzy,,round3_semantic,1
17167,Karen M Miller,A5108851513,fuzzy,I72816309,round3_semantic,1
17365,Jesus R Villalobos,A5111257510,fuzzy,,round3_semantic,1
19,Frank E Loeffler,A5091815939,fuzzy,,round3_semantic,2
397,Francois P Gabbai,A5108288647,fuzzy,,round3_semantic,2
830,Deron A Walters,A5043015838,fuzzy,,round3_semantic,2
1083,Thomas B Gunnoe,A5004665905,fuzzy,,round3_semantic,2
1403,Eyad A Masad,A5046522096,alias,,round3_semantic,2
1751,Vladimir V Vassiliev,A5108265723,fuzzy,,round3_semantic,2
1888,Vladimir V Vassiliev,A5108265723,fuzzy,,round3_semantic,2
2422,Jeff T Wang,A5082477177,fuzzy,I145311948,round3_semantic,2
3037,William M Tomlinson,A5027678269,fuzzy,,round3_semantic,2
3207,Song-I Han,A5069059439,exact,I154570441,round3_semantic,2
3345,Ibrahim V Isler,A5050312361,fuzzy,,round3_semantic,2
4079,Liuqing Yang,A5110229640,alias,I33213144,round3_semantic,2
4351,Gregory H Huff,A5030001013,alias,,round3_semantic,2
4484,Norman P Armitage,A5008199566,alias,,round3_semantic,2
4617,Elizabeth S Cochran,A5027716788,alias,,round3_semantic,2
4785,Valencia M Koomson,A5088698401,fuzzy,I121934306,round3_semantic,2
4820,Aaron D Ames,A5035415382,alias,,round3_semantic,2
7151,Christopher E Weaver,A5004291033,fuzzy,,round3_semantic,2
7152,Christopher Kanich,A5091532810,alias,,round3_semantic,2
7171,Betsy Sanders,A5091755496,fuzzy,I117979880,round3_semantic,2
7925,David W Miller,A5105262235,fuzzy,I40347166,round3_semantic,2
8394,Aysegul Gunduz,A5054013075,alias,I33213144,round3_semantic,2
8899,Charles N Hancock,A5086359116,fuzzy,,round3_semantic,2
9238,Jay Oswald,A5032974346,alias,I55732556,round3_semantic,2
9912,Cathy Y Wong,A5036196159,fuzzy,,round3_semantic,2
10063,Christopher H Rycroft,A5041128603,fuzzy,,round3_semantic,2
10827,Megan Connors,A5107119187,alias,I181565077,round3_semantic,2
10828,Zhongwen Zhan,A5110935503,alias,I122411786,round3_semantic,2
11367,Rashmi Vinayak,A5009725985,alias,I74973139,round3_semantic,2
12051,Larisa H Solomon,A5108845691,fuzzy,I78577930,round3_semantic,2
12130,Lynna G Avila-Bront,A5046855324,fuzzy,,round3_semantic,2
12728,Amir Masoumzadeh,A5001727758,alias,I392282,round3_semantic,2
13012,Duck Bong Kim,A5063758814,exact,I63920570,round3_semantic,2
13059,Laura Escobar Vega,A5064615742,exact,,round3_semantic,2
13062,Feng Bao,A5083180940,alias,I103163165,round3_semantic,2
13090,Scott M Simpson,A5101163283,fuzzy,I117309725,round3_semantic,2
13234,Navid Asadi,A5093792898,alias,I33213144,round3_semantic,2
13289,Shima Shahab,A5112353639,exact,I859038795,round3_semantic,2
13462,Vincent C Chen,A5059168895,fuzzy,I1925986,round3_semantic,2
13488,Xiangyao Yu,A5091183236,exact,I135310074,round3_semantic,2
13513,Benjamin R Hayes,A5077937855,fuzzy,I51556381,round3_semantic,2
13704,Junyi Jessy Li,A5091604346,exact,I86519309,round3_semantic,2
14054,Timothy A Cernak,A5108136518,fuzzy,I27837315,round3_semantic,2
14451,James Holly Jr,A5074922984,fuzzy,,round3_semantic,2
14671,Felix Janda,A5112360735,exact,I107639228,round3_semantic,2
14725,Laura V Alvarez,A5054339562,fuzzy,,round3_semantic,2
15486,Maqsudul Alam,A5042027350,alias,I1331384533,round3_semantic,2
15712,Subhendu Das,A5104363125,exact,,round3_semantic,2
17020,Louis A Lyon,A5030681467,fuzzy,,round3_semantic,2
271,Anna D Gudmundsdottir,A5017604127,alias,,round3_semantic,3
602,Wenke Lee,A5110214786,alias,I130701444,round3_semantic,3
762,Steve M Blair,A5109216921,fuzzy,I223532165,round3_semantic,3
996,Kasturi Varadarajan,A5112237674,alias,I126307644,round3_semantic,3
1336,Dong-Kyun Seo,A5022376717,alias,I55732556,round3_semantic,3
2229,Hongcai J Zhou,A5103814857,fuzzy,,round3_semantic,3
2470,Matthew D Welsh,A5039425186,alias,,round3_semantic,3
2664,M Saif Islam,A5086867472,exact,,round3_semantic,3
3005,Jun-Hong (June) Cui,A5111727970,fuzzy,I140172145,round3_semantic,3
3596,Alina Cojocaru,A5100846899,fuzzy,I39422238,round3_semantic,3
4460,Bridget R Smith-Konter,A5026218277,fuzzy,,round3_semantic,3
4554,Hongcai J Zhou,A5103814857,fuzzy,,round3_semantic,3
4656,Reinhard H Schwienhorst,A5107838072,fuzzy,I87216513,round3_semantic,3
5478,William D Merryman,A5103666732,fuzzy,,round3_semantic,3
5902,Michael Rosulek,A5034799897,fuzzy,,round3_semantic,3
6013,Nicolaus J Correll,A5067549810,fuzzy,,round3_semantic,3
6748,Tessa M Hill,A5003801100,fuzzy,,round3_semantic,3
7236,Gretchen R Miller,A5043098106,fuzzy,,round3_semantic,3
7461,Michael Rosulek,A5034799897,fuzzy,,round3_semantic,3
7477,Bridget R Smith-Konter,A5026218277,fuzzy,,round3_semantic,3
10235,Daniel Yamins,A5036371925,alias,I97018004,round3_semantic,3
10972,Babak Heydari,A5093976008,alias,I12912129,round3_semantic,3
11053,Qiang Huang,A5091876538,alias,I17301866,round3_semantic,3
11503,Cong Wang,A5008972044,alias,I118118575,round3_semantic,3
11553,Joey S Key,A5106277631,fuzzy,,round3_semantic,3
13227,Cong Shen,A5085545622,alias,I51556381,round3_semantic,3
13707,Michael J Mitchell,A5108969105,exact,I79576946,round3_semantic,3
13885,Xu Yuan,A5100572581,exact,I79516672,round3_semantic,3
14731,Pan Li,A5031363730,alias,I130701444,round3_semantic,3
14949,Hao Zhang,A5092393033,exact,I24603500,round3_semantic,3
15131,J. Bradley Chen,A5050262157,exact,I136199984,round3_semantic,3
15165,Scott C Douglas,A5056104424,alias,,round3_semantic,3
15272,Evan D Green,A5087499953,fuzzy,I51504820,round3_semantic,3
15299,Jerry Y Lin,A5060464151,fuzzy,,round3_semantic,3
15849,Scott A Strobel,A5109128232,fuzzy,I32971472,round3_semantic,3
16847,Timothy T Huang,A5111464738,fuzzy,I195575238,round3_semantic,3
17068,Sharyn E Perry,A5112880610,fuzzy,I143302722,round3_semantic,3
1112,Kimmen Sjolander,A5107118957,fuzzy,I95457486,round3_semantic,4
2006,Emanuela Barberis,A5105703532,exact,I12912129,round3_semantic,4
2267,Edwin Walker,A5056735195,alias,,round3_semantic,4
2338,Mihaela van der Schaar,A5084639008,alias,I161318765,round3_semantic,4
2868,Subhasish Mitra,A5071606111,exact,I97018004,round3_semantic,4
3146,Panagiotis Mitropoulos,A5109216774,fuzzy,I55732556,round3_semantic,4
3514,Ryan W O'Donnell,A5017850059,fuzzy,,round3_semantic,4
3813,Eric L Petersen,A5112863652,alias,,round3_semantic,4
4151,Eun Jung Kim,A5002298749,exact,,round3_semantic,4
6296,Panagiotis Mitropoulos,A5109216774,fuzzy,I26538001,round3_semantic,4
7017,Wendy Hui Wang,A5050741486,alias,I108468826,round3_semantic,4
7214,Pedro Miguel Reis,A5103985470,alias,I63966007,round3_semantic,4
7481,Carlos M Rinaldi-Ramos,A5023813445,fuzzy,,round3_semantic,4
8355,Edward P O'Brien,A5032337771,fuzzy,,round3_semantic,4
8923,Stephanie I Fraley,A5102868527,fuzzy,I36258959,round3_semantic,4
10392,Blanka Sharma,A5101028096,alias,I33213144,round3_semantic,4
10403,Mohamed Sarwat,A5018437893,alias,I55732556,round3_semantic,4
10670,Vishal Verma,A5049132860,alias,I157725225,round3_semantic,4
11850,Natalie Y Arnett,A5013166674,alias,I8248082,round3_semantic,4
12350,Lu Wang,A5101603360,exact,I27837315,round3_semantic,4
12485,Samuel R Bowman,A5027800302,fuzzy,I57206974,round3_semantic,4
12962,Bradley P Carrow,A5109223386,fuzzy,,round3_semantic,4
12976,Adrian Lozano-Duran,A5052316854,exact,I63966007,round3_semantic,4
13061,Morgan E DeSantis,A5103207709,fuzzy,I27837315,round3_semantic,4
13324,Stephanie M Cologna,A5108703378,fuzzy,I39422238,round3_semantic,4
13357,Chih-Kuan Tung,A5104287689,alias,I35777872,round3_semantic,4
13613,Pratik A Chaudhari,A5114073128,fuzzy,I79576946,round3_semantic,4
14197,Jenna Wong,A5063030215,alias,I71838634,round3_semantic,4
14343,Hui Lu,A5101486501,alias,I123946342,round3_semantic,4
14655,Na Zou,A5113068088,exact,,round3_semantic,4
14687,Murat Kocaoglu,A5098748959,exact,,round3_semantic,4
14795,Minghan Chen,A5062068571,alias,I47251452,round3_semantic,4
14803,Swati Gupta,A5108138987,exact,I63966007,round3_semantic,4
15340,Wai-Yip G Chan,A5110223296,fuzzy,I180949307,round3_semantic,4
15638,Gary M Bernstein,A5108138134,fuzzy,,round3_semantic,4
15845,Jeremy Levy,A5108081543,exact,I170201317,round3_semantic,4
15872,William N Street,A5103374719,fuzzy,,round3_semantic,4
15878,I-Kwang Chang,A5066663578,exact,,round3_semantic,4
15941,Simon M Spearing,A5107347450,fuzzy,,round3_semantic,4
16006,Edward L Gibson,A5039792860,fuzzy,,round3_semantic,4
16168,Rodney E McNair,A5049472080,fuzzy,,round3_semantic,4
16382,Suresh G. K Ananthasuresh,A5084652136,fuzzy,,round3_semantic,4
16548,Douglas F Cowen,A5109395252,fuzzy,,round3_semantic,4
17069,Kenneth A Barbee,A5105695851,fuzzy,I72816309,round3_semantic,4
1364,Michael P Brenner,A5104321680,fuzzy,I136199984,round3_semantic,5
2368,Cora Lind-Kovacs,A5042851728,exact,I90871651,round3_semantic,5
2445,Li-Qun Gu,A5102128399,alias,I76835614,round3_semantic,5
3122,Wai Kan Victor Chan,A5104100394,fuzzy,I165799507,round3_semantic,5
3935,Mark Tehranipoor,A5113845710,exact,I140172145,round3_semantic,5
4937,Seth R Bank,A5112844062,fuzzy,I86519309,round3_semantic,5
6455,Adam R Abate,A5010200759,fuzzy,I180670191,round3_semantic,5
6640,Srikanth Singamaneni,A5108317321,exact,I204465549,round3_semantic,5
7246,Lee Martin,A5112654353,alias,I84218800,round3_semantic,5
7422,Ha-Yeon Cheong,A5066129643,exact,,round3_semantic,5
9211,Francisco E Becerra Chavez,A5015596097,fuzzy,I169521973,round3_semantic,5
9499,Zongfu Yu,A5111316028,exact,I135310074,round3_semantic,5
9539,Jacqueline A O'Connor,A5025952116,fuzzy,,round3_semantic,5
10412,Jaroslaw S Zola,A5045837332,fuzzy,,round3_semantic,5
10636,Yan-Yan Hu,A5114106160,alias,I103163165,round3_semantic,5
11876,Yiying Zhang,A5008239525,alias,I36258959,round3_semantic,5
12004,Rachel E O'Brien,A5008790710,fuzzy,,round3_semantic,5
12035,Elizabeth T Hsiao-Wecksler,A5114046512,fuzzy,I157725225,round3_semantic,5
12318,Xingyong Song,A5034814739,alias,,round3_semantic,5
13187,Ashley E Paz y Puente,A5024455973,fuzzy,I63135867,round3_semantic,5
13508,Caroline Robertson,A5087758626,fuzzy,I107672454,round3_semantic,5
13787,Joseph O Neeman,A5108729175,fuzzy,,round3_semantic,5
14553,Joe P Patterson,A5073946844,fuzzy,I204250578,round3_semantic,5
15056,Rachel E O'Brien,A5008790710,fuzzy,,round3_semantic,5
15910,Karl Johnson,A5059236789,alias,I170201317,round3_semantic,5
16790,Zhongju John Zhang,A5065524406,alias,,round3_semantic,5
92,Guohong Cao,A5109042240,alias,I130769515,round3_semantic,6
135,Krishna R Narayanan,A5022726292,alias,,round3_semantic,6
439,Nikolaos D Sidiropoulos,A5094283801,fuzzy,,round3_semantic,6
840,Kevin S McFarland,A5014035973,fuzzy,I5388228,round3_semantic,6
2749,David A Schmidt,A5113799466,fuzzy,,round3_semantic,6
4240,Anders Ryd,A5107948576,alias,I205783295,round3_semantic,6
6609,Tim Whitehead,A5111168212,exact,,round3_semantic,6
6814,Carleton Kingsford,A5029994273,alias,I74973139,round3_semantic,6
7125,Andrew Gill,A5021660987,exact,,round3_semantic,6
7832,Jeong-Hyun Cho,A5046232508,alias,I130238516,round3_semantic,6
8997,Randall Hughes,A5109572509,alias,I12912129,round3_semantic,6
10013,Jefferson Chan,A5108208818,alias,I157725225,round3_semantic,6
12216,Vishal M Patel,A5101429144,fuzzy,I145311948,round3_semantic,6
12272,Rika E Anderson,A5059678060,fuzzy,,round3_semantic,6
12571,Daniel J Cohen,A5113119455,fuzzy,I20089843,round3_semantic,6
12630,Wei Xiong,A5063542362,exact,I170201317,round3_semantic,6
12678,Peng Wei,A5061624668,exact,I193531525,round3_semantic,6
13883,Catalina I Pislariu,A5103128183,fuzzy,I150913223,round3_semantic,6
14080,Michael Reppert,A5014313727,exact,,round3_semantic,6
14230,Shunyu Liu,A5061523556,exact,I8078737,round3_semantic,6
14476,Andrew A Li,A5020539612,fuzzy,I74973139,round3_semantic,6
14660,Danqi Chen,A5063911224,alias,I20089843,round3_semantic,6
15099,Douglas L Crawford,A5004820583,fuzzy,,round3_semantic,6
15232,Kevin J Sullivan,A5102705417,fuzzy,I51556381,round3_semantic,6
15427,Rebecca A Lange,A5045422312,alias,,round3_semantic,6
15804,Douglas L Crawford,A5004820583,fuzzy,,round3_semantic,6
15911,Arthur A Middleton,A5112501912,fuzzy,,round3_semantic,6
16299,Nikolaos D Sidiropoulos,A5094283801,fuzzy,,round3_semantic,6
300,Jacqueline J Li,A5076956013,fuzzy,,round3_semantic,7
392,Alexander Furman,A5051304889,exact,,round3_semantic,7
1494,Richard R Halverson,A5110204403,fuzzy,I135310074,round3_semantic,7
2125,Jee-Ching Wang,A5113615205,alias,I20382870,round3_semantic,7
3029,Russell E Joseph,A5076841495,fuzzy,,round3_semantic,7
3158,Kim M Cobb,A5051780820,fuzzy,,round3_semantic,7
4451,Matthew Jones,A5106431707,fuzzy,I219193219,round3_semantic,7
5737,Yong-Kyu Yoon,A5108253997,fuzzy,I33213144,round3_semantic,7
6216,Gregory W O'Neil,A5113686192,fuzzy,,round3_semantic,7
6990,Julie A Shah,A5027711979,fuzzy,I63966007,round3_semantic,7
7128,Feng Jiao,A5021652969,alias,I86501945,round3_semantic,7
7338,Alexandra Davatzes,A5049478930,fuzzy,I84392919,round3_semantic,7
8224,Erin J Talvitie,A5078503328,fuzzy,,round3_semantic,7
9577,Norma C Martinez-Gomez,A5085993583,fuzzy,,round3_semantic,7
9946,Shan Hu,A5054672300,alias,I173911158,round3_semantic,7
10466,Abusayeed M Saifullah,A5103978932,fuzzy,I185443292,round3_semantic,7
10923,Shimeng Yu,A5103944148,exact,I130701444,round3_semantic,7
11453,Xiaoning Jin,A5048045929,alias,I12912129,round3_semantic,7
11939,David Cantu,A5110881876,alias,I134113660,round3_semantic,7
12811,Souma Chowdhury,A5103729006,exact,I63190737,round3_semantic,7
12942,Norma C Martinez-Gomez,A5085993583,fuzzy,,round3_semantic,7
13584,Shanta R Robinson,A5051893990,fuzzy,I40347166,round3_semantic,7
13788,Wei Gao,A5041046060,alias,I122411786,round3_semantic,7
13802,Mingyue Ji,A5111295050,alias,I223532165,round3_semantic,7
14082,Marie Agathe Charpagne,A5112726222,alias,I157725225,round3_semantic,7
14111,Xiao Wang,A5101928365,alias,I111979921,round3_semantic,7
14945,Abusayeed M Saifullah,A5103978932,fuzzy,I185443292,round3_semantic,7
15422,Yu Lin,A5103673251,alias,I82497590,round3_semantic,7
17103,Jimmy J Feng,A5091735141,fuzzy,,round3_semantic,7
28,Peidong Yang,A5012596204,alias,I95457486,round3_semantic,8
1841,Evgueni Pinkhassik,A5004533061,exact,,round3_semantic,8
2272,Michael J Murray,A5107949567,fuzzy,I146416000,round3_semantic,8
2994,Ramesh Johari,A5103707377,alias,I97018004,round3_semantic,8
3548,Henry D Pfister,A5012546565,alias,,round3_semantic,8
4420,Jung-Kun Lee,A5111885019,alias,I170201317,round3_semantic,8
4850,Guoliang Xing,A5010205314,alias,I87216513,round3_semantic,8
7285,Gyungsu Byun,A5101914083,alias,I12097938,round3_semantic,8
7335,Sevil Salur,A5104465281,alias,I102322142,round3_semantic,8
7505,Stephen J Bradshaw,A5104097669,fuzzy,,round3_semantic,8
9316,Xie Chen,A5013315048,alias,I122411786,round3_semantic,8
9412,Edward Kohler,A5077684047,alias,,round3_semantic,8
9730,Guoqiang Yu,A5034770984,alias,I859038795,round3_semantic,8
11581,Shreyas Sen,A5015830471,alias,I219193219,round3_semantic,8
12067,Minh-Binh Tran,A5112520153,exact,I178169726,round3_semantic,8
13066,Alexander M Wright,A5111614460,fuzzy,,round3_semantic,8
13370,Kevin Liu,A5086108592,alias,I87216513,round3_semantic,8
13709,Qi Chen,A5008842047,fuzzy,I204250578,round3_semantic,8
14069,Sheng Ran,A5068135225,alias,I204465549,round3_semantic,8
14072,Junjie Yang,A5103933814,alias,I118118575,round3_semantic,8
15477,Jian-xing Ma,A5113491676,exact,I153297377,round3_semantic,8
15557,Sharon F Arroyo,A5068072290,fuzzy,,round3_semantic,8
16244,Joseph J Helble,A5042142522,fuzzy,,round3_semantic,8
17038,Zhi (Alex) Q Zheng,A5100804804,fuzzy,,round3_semantic,8
17073,Tracey R Pulliam Holoman,A5042828544,fuzzy,I66946132,round3_semantic,8
17278,David P Saltzberg,A5104469071,fuzzy,,round3_semantic,8
176,Rich Wolski,A5111609888,alias,I75027704,round3_semantic,9
911,Rich Wolski,A5111609888,alias,I154570441,round3_semantic,9
1019,Christopher J Bailey-Kellogg,A5023535554,fuzzy,,round3_semantic,9
1061,Madhu V Nayakkankuppam,A5091607618,fuzzy,,round3_semantic,9
1816,Kevin T Pitts,A5014892150,fuzzy,I157725225,round3_semantic,9
2867,Dezhen Song,A5068847615,exact,,round3_semantic,9
2954,Yuan Xie,A5056412895,exact,I130769515,round3_semantic,9
3042,Min Li,A5100786356,exact,I201448701,round3_semantic,9
3765,Juan C Noveron,A5066789979,fuzzy,I164936912,round3_semantic,9
3963,Sheng Zhong,A5071983071,exact,I63190737,round3_semantic,9
4116,Deukhyoun Heo,A5111493404,exact,I72951846,round3_semantic,9
5956,Seyoung Kim,A5115602579,alias,I74973139,round3_semantic,9
6153,Carlos H Hidrovo Chavez,A5032951484,fuzzy,,round3_semantic,9
6791,Nan Zheng,A5110498949,alias,I78715868,round3_semantic,9
8088,Carlos H Hidrovo Chavez,A5032951484,fuzzy,,round3_semantic,9
8372,Eric Gilbert,A5113714618,alias,I130701444,round3_semantic,9
10165,Eric Gilbert,A5113714618,alias,I27837315,round3_semantic,9
10685,Chao Wang,A5100406905,exact,I55732556,round3_semantic,9
11147,Jingwen Yan,A5045513086,exact,I592451,round3_semantic,9
13139,Fan Chen,A5111004515,exact,,round3_semantic,9
13497,James Anderson,A5014005388,exact,I78577930,round3_semantic,9
13915,Ruoyu Wang,A5046356501,exact,I55732556,round3_semantic,9
14402,Wen Chen,A5106182783,alias,I24603500,round3_semantic,9
14740,Long Cheng,A5104106021,alias,I8078737,round3_semantic,9
14743,Anton Burtsev,A5081890197,exact,I223532165,round3_semantic,9
15172,Gregory T Uehara,A5112263067,fuzzy,,round3_semantic,9
15774,Mark B Moldwin,A5063632376,alias,,round3_semantic,9
16143,Heather Conrad-Webb,A5102888149,exact,I150913223,round3_semantic,9
16464,X. Rong Li,A5043771630,fuzzy,I192396691,round3_semantic,9
17319,Linda J Camp,A5103531623,fuzzy,,round3_semantic,9
447,Upamanyu Madhow,A5046401755,alias,I154570441,round3_semantic,10
1186,Treena Livingston,A5025971066,alias,,round3_semantic,10
2268,Julia E Hammer,A5072590874,fuzzy,,round3_semantic,10
2855,Xiaojun Lin,A5100582250,alias,I219193219,round3_semantic,10
3088,Nuno M Martins,A5015041943,alias,,round3_semantic,10
3149,Hang J Qi,A5077730039,fuzzy,,round3_semantic,10
3923,Jeremy Ward,A5032899384,alias,I195575238,round3_semantic,10
8226,Sudeepa Roy,A5012463450,exact,I170897317,round3_semantic,10
8940,Jing Tao,A5107959477,alias,I8692664,round3_semantic,10
10146,Jordan L Boyd-Graber,A5092513269,fuzzy,I66946132,round3_semantic,10
10656,Weijian Yang,A5101122315,alias,I84218800,round3_semantic,10
11111,Ang Chen,A5082276670,exact,I74775410,round3_semantic,10
11275,Sanfeng Wu,A5035655313,alias,I20089843,round3_semantic,10
11435,Fabrizio Sergi,A5108269379,alias,I86501945,round3_semantic,10
12270,Gauri Joshi,A5000950022,alias,I74973139,round3_semantic,10
12482,Andreas Pfenning,A5109811903,alias,I74973139,round3_semantic,10
13056,Lori Andersen,A5048499184,exact,,round3_semantic,10
14524,Dong Chen,A5101813785,alias,I167576493,round3_semantic,10
15062,Jaime Lopez-Mosqueda,A5034189588,exact,,round3_semantic,10
15276,Dhabaleswar K Panda,A5105360581,fuzzy,I52357470,round3_semantic,10
15577,Susan Carlson-Skalak,A5091594294,alias,I51556381,round3_semantic,10
15877,Steven W McLaughlin,A5074564253,fuzzy,,round3_semantic,10
16638,Thomas M Weller,A5112744593,alias,,round3_semantic,10
17179,Yuegang Zuo,A5102137399,alias,I100633361,round3_semantic,10
215,Janet Bond-Robinson,A5009417449,alias,I146416000,round3_semantic,11
2574,Guillermo A Ameer,A5107933212,fuzzy,I111979921,round3_semantic,11
2769,Janet Bond-Robinson,A5009417449,exact,,round3_semantic,11
3421,Nigamanth Sridhar,A5014468375,alias,I102607778,round3_semantic,11
5535,Zhiyuan Yan,A5102760713,alias,I186143895,round3_semantic,11
5740,David R Moore,A5103507735,fuzzy,I4210106879,round3_semantic,11
6058,Michelle C Vigeant-Haas,A5068972790,fuzzy,,round3_semantic,11
6847,Michelle C Vigeant-Haas,A5068972790,fuzzy,,round3_semantic,11
7653,Mingoo Seok,A5050497188,alias,I78577930,round3_semantic,11
9642,B Aditya Prakash,A5038217925,fuzzy,,round3_semantic,11
10747,Xiaoji Xu,A5112812611,exact,I186143895,round3_semantic,11
11266,Jessica A Savage,A5004521336,fuzzy,I4210115145,round3_semantic,11
11893,B Aditya Prakash,A5038217925,fuzzy,,round3_semantic,11
12253,Manas R Gartia,A5003482933,fuzzy,I121820613,round3_semantic,11
12501,Zeynep Demiragli,A5105586624,alias,I111088046,round3_semantic,11
12532,Joseph H Davis,A5039981333,fuzzy,I63966007,round3_semantic,11
13019,Teo Paoletti,A5102933029,exact,I86501945,round3_semantic,11
13272,Tsao-Hsien Chen,A5072938832,exact,I130238516,round3_semantic,11
13478,Elham Azizi,A5110914544,alias,I78577930,round3_semantic,11
14245,Reza Azadeh,A5096831411,alias,I133738476,round3_semantic,11
14735,Thien H Nguyen,A5101576162,fuzzy,I181233156,round3_semantic,11
15706,Yin-Lin Shen,A5054015219,alias,I193531525,round3_semantic,11
16116,Dragan Maksimovic,A5033405465,alias,I188538660,round3_semantic,11
16213,Juli S Wade,A5111958937,fuzzy,I87216513,round3_semantic,11
17399,Ying-Cheng Lai,A5109938229,alias,I55732556,round3_semantic,11
451,Brenda L Dingus,A5107915071,fuzzy,,round3_semantic,12
507,Chongwu Zhou,A5082350948,alias,I1174212,round3_semantic,12
1463,Mark A Hiller,A5076224492,fuzzy,,round3_semantic,12
5664,Mark S Neubauer,A5106466250,fuzzy,I157725225,round3_semantic,12
8545,Angela C Brown,A5026118676,fuzzy,I186143895,round3_semantic,12
9213,Meng Lu,A5111264844,alias,I173911158,round3_semantic,12
9768,Yong Jae Lee,A5072079475,alias,I84218800,round3_semantic,12
10016,Mengqiang Zhu,A5108645112,exact,I12834331,round3_semantic,12
10177,Henry Lam,A5086653913,alias,I78577930,round3_semantic,12
10629,Michelle Digman,A5107205953,alias,I204250578,round3_semantic,12
11198,Bethany L Dumont,A5078147287,fuzzy,,round3_semantic,12
12782,Smita Krishnaswamy,A5112456962,exact,I32971472,round3_semantic,12
13290,Fei Liu,A5100394613,exact,I106165777,round3_semantic,12
13731,Yufei Tang,A5107226498,exact,I63772739,round3_semantic,12
13928,Yong Jae Lee,A5072079475,alias,I135310074,round3_semantic,12
14766,Yin Sun,A5064175243,alias,I82497590,round3_semantic,12
14871,Hao Su,A5056245495,exact,I36258959,round3_semantic,12
15187,Mary G Baker,A5109233798,fuzzy,I97018004,round3_semantic,12
15886,Hong Qin,A5056907767,exact,I33213144,round3_semantic,12
16670,Brenda L Dingus,A5107915071,fuzzy,,round3_semantic,12
16897,Hong Qin,A5056907767,exact,I59553526,round3_semantic,12
1372,Gagan Agrawal,A5014913714,exact,I52357470,round3_semantic,13
2197,Yun-Shik Lee,A5111695567,alias,I131249849,round3_semantic,13
4165,Jiangjiang Liu,A5020958052,alias,I177898655,round3_semantic,13
4621,Katherine Morrow,A5061323191,exact,I135310074,round3_semantic,13
7353,Mary Lisa L Manning,A5017360707,fuzzy,,round3_semantic,13
8985,Fan Ye,A5110343970,alias,I59553526,round3_semantic,13
9593,Gang Wang,A5100367442,exact,I859038795,round3_semantic,13
10124,Yutian Wu,A5011352741,alias,I78577930,round3_semantic,13
10784,Chris Hobbs,A5047494071,alias,,round3_semantic,13
11100,Hadi Mohammadigoushki,A5102719160,exact,I103163165,round3_semantic,13
11529,Jing Dong,A5102888041,alias,I78577930,round3_semantic,13
11897,Gang Wang,A5100367442,alias,I157725225,round3_semantic,13
12095,Cong Wang,A5100390447,alias,I81365321,round3_semantic,13
12102,Thomas Williams,A5065574136,alias,I167576493,round3_semantic,13
12177,Galan Moody,A5103253127,exact,I154570441,round3_semantic,13
12393,Oscar Vazquez-Mena,A5113498470,exact,I36258959,round3_semantic,13
13936,Cong Wang,A5100390447,exact,I162714631,round3_semantic,13
14200,William A Allman,A5071600778,fuzzy,,round3_semantic,13
14572,Daniel P Kelly,A5101564568,fuzzy,I12315562,round3_semantic,13
14627,Suman K Chowdhury,A5070519047,fuzzy,,round3_semantic,13
15420,Helen Na,A5009233791,exact,I126307644,round3_semantic,13
15786,Ellen E Martin,A5063803857,fuzzy,,round3_semantic,13
16138,Kendal S Broadie,A5110233473,fuzzy,I223532165,round3_semantic,13
16167,Daniela Bortoletto,A5107836016,alias,,round3_semantic,13
17003,Ulrich G Mueller,A5020348864,fuzzy,I86519309,round3_semantic,13
626,W. Matthew Michael,A5034827318,alias,I136199984,round3_semantic,14
653,Du Li,A5100964394,exact,,round3_semantic,14
699,Robert S Parker,A5046365845,fuzzy,I170201317,round3_semantic,14
1431,Zhongguo J Ma,A5100917193,fuzzy,,round3_semantic,14
1785,Christopher L Cahill,A5103123587,fuzzy,I193531525,round3_semantic,14
2347,Manish Chhowalla,A5107592131,alias,I102322142,round3_semantic,14
2757,Zhongguo J Ma,A5100917193,fuzzy,,round3_semantic,14
3221,Bonnie Fleming,A5086349411,exact,I32971472,round3_semantic,14
3797,Du Li,A5100964394,exact,,round3_semantic,14
3999,Joseph E Flaherty,A5014914187,fuzzy,,round3_semantic,14
5122,Kathleen O'Reilly,A5102862134,alias,I91045830,round3_semantic,14
5505,Sihong Wang,A5039686737,alias,I125687163,round3_semantic,14
5759,J Sook Chung,A5112254843,fuzzy,,round3_semantic,14
6051,Claudia C Marin,A5057315878,fuzzy,,round3_semantic,14
6377,Mehmet M dundar,A5023523247,fuzzy,,round3_semantic,14
7601,Wei Jin,A5111486488,alias,I57328836,round3_semantic,14
8499,Meagan S Mauter,A5112385076,fuzzy,I74973139,round3_semantic,14
9453,Wei Jin,A5111486488,alias,I123534392,round3_semantic,14
11386,Jian Zhang,A5111473452,exact,I121820613,round3_semantic,14
13791,Lin Bian,A5102769072,alias,I40347166,round3_semantic,14
14149,Tuan D Nguyen,A5101501906,fuzzy,I189590672,round3_semantic,14
14190,Yeonsik Noh,A5115593099,exact,I24603500,round3_semantic,14
14429,Zhiying Wang,A5101457905,exact,I204250578,round3_semantic,14
14679,YONG CHEN,A5057014050,exact,I44265643,round3_semantic,14
16904,Randall L Morrison,A5031390650,fuzzy,,round3_semantic,14
429,Zixiang Xiong,A5109087657,exact,,round3_semantic,15
496,Albert Wang,A5054432745,fuzzy,I180949307,round3_semantic,15
1470,Hesham M El Gamal,A5110237798,fuzzy,I52357470,round3_semantic,15
2403,Kiran S Kedlaya,A5103860606,fuzzy,I63966007,round3_semantic,15
2507,Tsachy Weissman,A5084079314,alias,I97018004,round3_semantic,15
2703,Chekesha M Watson,A5004960181,fuzzy,I205783295,round3_semantic,15
2872,Linda N Boyle,A5003161613,fuzzy,I126307644,round3_semantic,15
3668,William T Monroe,A5074274701,fuzzy,,round3_semantic,15
5858,Aleksey V Smirnov,A5115593849,fuzzy,,round3_semantic,15
6300,Aleksey V Smirnov,A5115593849,fuzzy,,round3_semantic,15
7970,Wenjun Cai,A5112753597,alias,I2613432,round3_semantic,15
8511,Ram Rajagopal,A5050269780,exact,I97018004,round3_semantic,15
8549,Cecilia Leal,A5112250123,exact,I157725225,round3_semantic,15
9752,Pierre-Emmanuel Gaillardon,A5110447770,alias,I223532165,round3_semantic,15
10918,Wenjun Cai,A5112753597,alias,I859038795,round3_semantic,15
11206,Yanhua Li,A5100630067,alias,I107077323,round3_semantic,15
11273,Marijel C Melo,A5037730757,fuzzy,I114027177,round3_semantic,15
12965,Michael A Bertucci,A5031506345,fuzzy,I184759092,round3_semantic,15
13100,Jae Sung Park,A5084530392,alias,I114395901,round3_semantic,15
14415,Amirhossein Ghasemi,A5112741521,exact,I102149020,round3_semantic,15
14441,Eric S Klein,A5019225541,fuzzy,,round3_semantic,15
16475,Christopher E Jordan,A5052523677,fuzzy,,round3_semantic,15
16503,Jacob P Varkey,A5062661810,fuzzy,,round3_semantic,15
17393,Christopher E Jordan,A5052523677,fuzzy,,round3_semantic,15
1334,Staci Simonich,A5103519349,fuzzy,I131249849,round3_semantic,16
1386,Steve C.S. Cai,A5016095071,fuzzy,,round3_semantic,16
1792,David A Peterson,A5012100901,exact,I107672454,round3_semantic,16
2166,Eakalak Khan,A5112490273,alias,I57328836,round3_semantic,16
2402,Christian Poellabauer,A5028868145,alias,I107639228,round3_semantic,16
5100,Deirdre M Shoemaker,A5104993274,fuzzy,I130701444,round3_semantic,16
5892,Jing Li,A5100336762,exact,I55732556,round3_semantic,16
5915,Rui Kuang,A5108381152,alias,I130238516,round3_semantic,16
6098,Utkan Demirci,A5110595476,exact,I1283280774,round3_semantic,16
6186,Stephen M Moysey,A5109376645,fuzzy,I8078737,round3_semantic,16
6604,Yan Liu,A5100351097,exact,I1174212,round3_semantic,16
6804,Jessica M Warren,A5088168089,fuzzy,,round3_semantic,16
7938,John A Baldwin,A5052533198,fuzzy,I103531236,round3_semantic,16
8040,Utkan Demirci,A5110595476,alias,I97018004,round3_semantic,16
8785,Jessica M Warren,A5088168089,fuzzy,,round3_semantic,16
9553,Hugo Sanabria Hernandez,A5087242098,fuzzy,,round3_semantic,16
9652,Robert Patro,A5110572855,alias,I59553526,round3_semantic,16
9971,Xiaohui Chen,A5100375174,exact,I157725225,round3_semantic,16
11580,Eduardo Rojas,A5042883485,exact,I84475105,round3_semantic,16
12493,Jeremy Blackburn,A5065352794,alias,I123946342,round3_semantic,16
13419,Rachel Bezanson,A5110794377,alias,I170201317,round3_semantic,16
14198,Srivatsan Raman,A5103090192,alias,I135310074,round3_semantic,16
14212,Pablo Soberon Bravo,A5028741854,fuzzy,,round3_semantic,16
14434,Katherine de Kleer,A5055836758,fuzzy,I122411786,round3_semantic,16
15285,Xiao F Yang,A5103326192,fuzzy,I82497590,round3_semantic,16
455,Katharine J Covert,A5054905026,fuzzy,,round3_semantic,17
2068,Guevara Noubir,A5112870199,alias,I12912129,round3_semantic,17
2406,James B Joshi,A5106132073,fuzzy,I170201317,round3_semantic,17
2935,Peter Wonka,A5059559749,alias,I55732556,round3_semantic,17
5650,Patrick Meade,A5106634099,alias,I59553526,round3_semantic,17
6426,John N Foster,A5103551925,fuzzy,,round3_semantic,17
8349,Jason Castro,A5050125942,fuzzy,I37415318,round3_semantic,17
8689,Jonathan F Lovell,A5090857900,fuzzy,I63190737,round3_semantic,17
10039,Yue Yu,A5027607634,exact,I186143895,round3_semantic,17
12572,Hua Bai,A5060982263,exact,I173911158,round3_semantic,17
13133,Amy L Dapper,A5012987686,fuzzy,I99041443,round3_semantic,17
13315,Saurabh Gupta,A5101672143,exact,I157725225,round3_semantic,17
13668,Darinka Dentcheva,A5111666155,alias,I108468826,round3_semantic,17
14264,Yang Yang,A5100397668,exact,I87216513,round3_semantic,17
14403,Carrie F Olson-Manning,A5035662451,fuzzy,I149700789,round3_semantic,17
15755,Katharine J Covert,A5054905026,fuzzy,,round3_semantic,17
15982,Xiaoxing Xi,A5112948610,alias,I130769515,round3_semantic,17
2092,Michael D Smith,A5108014990,fuzzy,I74973139,round3_semantic,18
2837,Scott P Wakely,A5106672931,fuzzy,I40347166,round3_semantic,18
3848,Charles H Sykes,A5109062927,alias,,round3_semantic,18
4505,Michelle O Claville,A5071408084,fuzzy,,round3_semantic,18
5626,Holger Mueller,A5030942567,alias,I95457486,round3_semantic,18
8379,Jing Gao,A5100781389,alias,I63190737,round3_semantic,18
10432,Susan E Cohen,A5103011862,fuzzy,I27825529,round3_semantic,18
12691,Hui Wang,A5051147941,exact,I142740786,round3_semantic,18
12878,Kiana Aran,A5103057846,alias,I90708416,round3_semantic,18
13625,Sandeep Sharma,A5100673023,exact,I188538660,round3_semantic,18
17025,Lok C Lew Yan Voon,A5004713413,fuzzy,,round3_semantic,18
1593,Guoliang Fan,A5026886070,alias,I115475287,round3_semantic,19
1623,David V Anderson,A5052916820,fuzzy,I130701444,round3_semantic,19
2950,David Martin,A5103405753,fuzzy,I103531236,round3_semantic,19
3701,John C Glaser,A5070255976,fuzzy,,round3_semantic,19
4810,Feng Qin,A5110375745,exact,I52357470,round3_semantic,19
5178,Linda N Boyle,A5013055473,fuzzy,I201448701,round3_semantic,19
6219,Wei Shen,A5100775326,exact,I130238516,round3_semantic,19
6818,Jane M Liu,A5055153415,fuzzy,I177881444,round3_semantic,19
9368,Zaher Hani,A5104651760,exact,I130701444,round3_semantic,19
10240,Wei Ho,A5110725131,alias,I27837315,round3_semantic,19
10894,Xiaodong Li,A5100369715,alias,I84218800,round3_semantic,19
11286,Jia Deng,A5101542159,exact,I20089843,round3_semantic,19
11455,Sangyeop Lee,A5027235848,alias,I170201317,round3_semantic,19
15763,Dong X Shaw,A5017934710,fuzzy,,round3_semantic,19
16052,Jorge E Gonzalez-Cruz,A5112193084,fuzzy,,round3_semantic,19
16999,Wei-xian Zhang,A5103772394,alias,I186143895,round3_semantic,19
17369,Dong X Shaw,A5017934710,fuzzy,,round3_semantic,19
206,Karen D King,A5037501953,fuzzy,I87216513,round3_semantic,20
933,Xiaodong Wang,A5026959365,alias,I78577930,round3_semantic,20
1660,Hai Tao,A5100930827,alias,I185103710,round3_semantic,20
2793,Karen D King,A5037501953,fuzzy,,round3_semantic,20
4102,Satish K Sharma,A5108624487,fuzzy,I26538001,round3_semantic,20
4241,Clifford Wang,A5023572822,fuzzy,I97018004,round3_semantic,20
6516,Timothy F Cooper,A5103479470,fuzzy,,round3_semantic,20
8957,Ufuk Topcu,A5047471973,alias,I86519309,round3_semantic,20
9552,Liuyan Zhao,A5100567107,alias,I27837315,round3_semantic,20
9725,Sheng Chen,A5100321009,alias,I79516672,round3_semantic,20
10683,Qi Wang,A5071796750,alias,I78577930,round3_semantic,20
13325,Harold Williams,A5083704202,exact,,round3_semantic,20
13690,Vasileios Paschalidis,A5005756124,alias,I138006243,round3_semantic,20
14308,Wei Liu,A5100431821,alias,I103635307,round3_semantic,20
14578,Nader Taheri Qazvini,A5032544843,exact,I155781252,round3_semantic,20
15224,Daniel E Bentil,A5010744577,fuzzy,,round3_semantic,20
15803,Daniel E Bentil,A5010744577,fuzzy,I111236770,round3_semantic,20
15885,Victoria J DeRose,A5110928222,fuzzy,I91045830,round3_semantic,20
16652,Xiaodong Wang,A5026959365,alias,,round3_semantic,20
64,Song-Chun Zhu,A5112314642,alias,I52357470,round3_semantic,21
1050,Domenico D'Alessandro,A5104066772,alias,I173911158,round3_semantic,21
1356,Song-Chun Zhu,A5112314642,alias,I161318765,round3_semantic,21
2137,Maria I Lazar,A5101466537,fuzzy,,round3_semantic,21
3082,Elisa E Konofagou,A5113595168,fuzzy,I78577930,round3_semantic,21
3922,Lin Ma,A5101405102,alias,I8078737,round3_semantic,21
4795,Yong Liu,A5101799913,alias,I57206974,round3_semantic,21
5645,Jennifer N Cha,A5003617228,fuzzy,,round3_semantic,21
6289,Lin Ma,A5101405102,alias,I859038795,round3_semantic,21
6866,Jennifer N Cha,A5003617228,fuzzy,,round3_semantic,21
8230,Chia-Yi Chiu,A5112219155,exact,I102322142,round3_semantic,21
9947,Michelle L Barry,A5060914235,fuzzy,I78715868,round3_semantic,21
12452,Daniel Zitterbart,A5112235663,alias,I66958751,round3_semantic,21
13618,Babak Hejrati,A5056814845,exact,I7947594,round3_semantic,21
13878,Xiang Chen,A5100441919,exact,I162714631,round3_semantic,21
14760,Natalie Wright,A5044273077,alias,I166972335,round3_semantic,21
15122,Shih-Fu Chang,A5069745958,alias,I78577930,round3_semantic,21
15891,Jaswinder P Singh,A5101589677,fuzzy,I20089843,round3_semantic,21
16434,D Sivakumar,A5100715137,alias,,round3_semantic,21
76,Hongwei Xi,A5101718310,exact,I63135867,round3_semantic,22
263,Timothy P Hogan,A5110635672,fuzzy,I87216513,round3_semantic,22
942,Hongwei Xi,A5101718310,exact,I111088046,round3_semantic,22
3194,Julia Thom-Levy,A5016102217,alias,I205783295,round3_semantic,22
9183,Eun Jung A Lee,A5100321879,fuzzy,I118118575,round3_semantic,22
9339,Stefania Gori,A5108133245,alias,I63135867,round3_semantic,22
10944,Stefania Gori,A5108133245,alias,I185103710,round3_semantic,22
11502,Yanchao Liu,A5003842626,exact,I185443292,round3_semantic,22
12419,Haichen Wang,A5108064317,alias,I95457486,round3_semantic,22
12707,Bin Ren,A5101795339,alias,I16285277,round3_semantic,22
13637,Kishore Kuchibhotla,A5083789615,alias,I145311948,round3_semantic,22
14480,Andia Chaves Fonnegra,A5068859665,exact,I63772739,round3_semantic,22
14863,Vinayak Prabhu,A5102825589,alias,I92446798,round3_semantic,22
15125,William M Snow,A5023414739,fuzzy,,round3_semantic,22
16390,Michael B Kruger,A5107844560,fuzzy,I75421653,round3_semantic,22
16592,Santosh S Vempala,A5111459522,fuzzy,I63966007,round3_semantic,22
1307,Rob Gray,A5113729350,alias,I55732556,round3_semantic,23
6675,Qun Wan,A5055724268,exact,,round3_semantic,23
7837,Utpal Chatterjee,A5111620007,alias,I51556381,round3_semantic,23
7854,Chad Hanna,A5103449202,alias,I130769515,round3_semantic,23
9902,Wenliang Zhang,A5051321966,alias,I39422238,round3_semantic,23
10515,Rebecca M Calisi-Rodriguez,A5050859706,fuzzy,,round3_semantic,23
11796,Yue Wang,A5100371971,alias,I156087764,round3_semantic,23
12080,Dakotah R Thompson,A5090599172,fuzzy,I135310074,round3_semantic,23
13269,Kristin Morgan,A5039211860,alias,I140172145,round3_semantic,23
13360,Jorge I Poveda,A5009688903,fuzzy,I188538660,round3_semantic,23
14199,Kory M Evans,A5050298368,fuzzy,I74775410,round3_semantic,23
14562,Victor Huayamave,A5086861639,alias,I84475105,round3_semantic,23
14734,Cheng Zhang,A5080697701,exact,I205783295,round3_semantic,23
14940,Jorge I Poveda,A5009688903,fuzzy,I36258959,round3_semantic,23
15737,Gerald R Eykholt,A5018974135,fuzzy,I135310074,round3_semantic,23
16368,Valerie S Ashby,A5068140885,fuzzy,,round3_semantic,23
16757,William B Kuhn,A5113651169,fuzzy,,round3_semantic,23
17325,Ioannis A Kakadiaris,A5101875396,fuzzy,I44461941,round3_semantic,23
956,Daniel B Lieman,A5089027727,fuzzy,,round3_semantic,24
2884,Gabriel H Loh,A5020621624,fuzzy,I130701444,round3_semantic,24
4458,J. Paige Buchanan,A5007524302,alias,I44854399,round3_semantic,24
5060,Sarah L Day,A5015531958,fuzzy,I16285277,round3_semantic,24
5460,David S Ricketts,A5103464860,fuzzy,I74973139,round3_semantic,24
6112,Heather Fahlenkamp,A5083408283,fuzzy,I115475287,round3_semantic,24
6903,David S Ricketts,A5103464860,fuzzy,I137902535,round3_semantic,24
10082,Connie B Chang,A5110842566,fuzzy,I23732399,round3_semantic,24
10339,Zhenqi Wang,A5051112651,fuzzy,I87216513,round3_semantic,24
11571,Jung-Eun Lee,A5035005147,exact,I27804330,round3_semantic,24
14661,Timothy Zhu,A5024530225,exact,I130769515,round3_semantic,24
15599,Narasimha A Reddy,A5089364674,fuzzy,,round3_semantic,24
7476,William D McGee,A5040953331,fuzzy,,round3_semantic,25
9025,Yang Wang,A5065252864,alias,I70983195,round3_semantic,25
9212,Jose A Martinez-Lorenzo,A5108102484,fuzzy,I12912129,round3_semantic,25
10755,Sudeep Bhatia,A5113655316,alias,I79576946,round3_semantic,25
11582,Christine M Gilbert,A5012268169,fuzzy,I859038795,round3_semantic,25
11801,Ashley M Heers,A5056401336,fuzzy,I27825529,round3_semantic,25
11892,Yang Wang,A5065252864,alias,I157725225,round3_semantic,25
12032,Mahshid Ahmadi,A5100571225,alias,I75027704,round3_semantic,25
12753,Swati Singh,A5101730538,alias,I86501945,round3_semantic,25
13396,Scott Wood,A5072555496,alias,I184647316,round3_semantic,25
14388,Jin Woo Lee,A5091361972,alias,I66946132,round3_semantic,25
15391,Michael R Pena,A5075749135,fuzzy,,round3_semantic,25
98,Samrat Bhattacharjee,A5060479166,alias,I66946132,round3_semantic,26
2878,Hazel A Barton,A5108107741,fuzzy,I168416876,round3_semantic,26
5339,Pan T Li,A5058772314,fuzzy,I392282,round3_semantic,26
5411,Burkhard Schulz,A5103444311,alias,I219193219,round3_semantic,26
6313,Hazel A Barton,A5108107741,fuzzy,I110152177,round3_semantic,26
7096,Timothy Miller,A5107929237,alias,I123946342,round3_semantic,26
7368,Delphine Gourdon,A5103113138,alias,I205783295,round3_semantic,26
7738,Feng Chen,A5100352722,alias,I121820613,round3_semantic,26
8709,Jaime Barnes,A5031946522,alias,I86519309,round3_semantic,26
10163,WIlliam A Griffith,A5001307237,fuzzy,I52357470,round3_semantic,26
12727,Jeff D Thompson,A5072635440,fuzzy,I20089843,round3_semantic,26
13509,Qian Chen,A5100428460,alias,I90871651,round3_semantic,26
13937,Bin Li,A5101515985,alias,I130769515,round3_semantic,26
14567,Ran Feng,A5110483486,alias,I140172145,round3_semantic,26
14736,Emily G Peterson,A5029249745,fuzzy,I181401687,round3_semantic,26
15176,Rajit Gadh,A5102795540,alias,I135310074,round3_semantic,26
16029,Eric R Marsh,A5113989196,fuzzy,I130769515,round3_semantic,26
16304,Miriam S Hasson,A5054328567,fuzzy,,round3_semantic,26
16809,Amy E Bell,A5112829771,fuzzy,I859038795,round3_semantic,26
1026,Tetsuya Iwasaki,A5105359292,exact,I51556381,round3_semantic,27
1133,Deborah Robertson,A5110171884,fuzzy,I130785548,round3_semantic,27
2322,Anton V Andreev,A5112460995,fuzzy,I201448701,round3_semantic,27
5014,Ning Jiang,A5101577906,exact,,round3_semantic,27
6210,Javier Arce,A5109509256,alias,,round3_semantic,27
6856,Jana Shen,A5103575399,fuzzy,I126744593,round3_semantic,27
7357,Ming-Hung Kao,A5004638187,alias,I55732556,round3_semantic,27
7528,Michael Doering,A5112355165,exact,I193531525,round3_semantic,27
8102,Corinne I Wong,A5113872844,fuzzy,,round3_semantic,27
8520,Amir Ali Ahmadi,A5101485689,exact,I20089843,round3_semantic,27
9034,Zhenhui Li,A5101510515,alias,I130769515,round3_semantic,27
9704,Bo Wu,A5101804515,alias,I167576493,round3_semantic,27
11235,Abhishek Jain,A5100661349,exact,I145311948,round3_semantic,27
12788,Donny Hanjaya-Putra,A5102983704,alias,I107639228,round3_semantic,27
13585,Zakaria Y Al Balushi,A5053253079,fuzzy,I95457486,round3_semantic,27
14424,Stephanie Woo,A5083198581,exact,I156087764,round3_semantic,27
14737,Kevin J Vogel,A5087165573,fuzzy,,round3_semantic,27
15749,Elizabeth L White,A5049007580,fuzzy,I162714631,round3_semantic,27
15785,Walter W Dimmick,A5003165326,fuzzy,I146416000,round3_semantic,27
4065,An-I Wang,A5081466669,fuzzy,I103163165,round3_semantic,28
6434,Baohong Yuan,A5114138260,alias,I189196454,round3_semantic,28
8419,Hong-Gu Kang,A5042796901,exact,I13511017,round3_semantic,28
9093,Jeyavijayan Rajendran,A5109133603,exact,I162577319,round3_semantic,28
10148,Jeyavijayan Rajendran,A5109133603,exact,,round3_semantic,28
10875,Supreet Kaur,A5107832174,exact,I1321305853,round3_semantic,28
12598,MD NOOR E ALAM,A5078053731,fuzzy,I12912129,round3_semantic,28
13179,Alexander Perry,A5108254938,exact,I27837315,round3_semantic,28
13718,Cheryl Gomillion,A5082942366,alias,,round3_semantic,28
13727,Juan S Borrero,A5036589411,fuzzy,I115475287,round3_semantic,28
14056,Benjamin Johnson,A5069025456,alias,I120156002,round3_semantic,28
15022,Bo Tang,A5101455932,exact,I107077323,round3_semantic,28
17187,Randolph Y Wang,A5080487926,fuzzy,I20089843,round3_semantic,28
198,Stephen R Voss,A5075125436,fuzzy,,round3_semantic,29
952,Cecilia E Gerber,A5103779750,alias,I39422238,round3_semantic,29
1349,Stephen R Voss,A5075125436,fuzzy,,round3_semantic,29
1746,Xi Zhang,A5110368046,exact,,round3_semantic,29
3308,Kevin W Kittredge,A5109440365,fuzzy,,round3_semantic,29
4726,Fei Wang,A5111511007,alias,I157725225,round3_semantic,29
5302,Scott Ferguson,A5103636755,fuzzy,I137902535,round3_semantic,29
5924,Diana P Bratu,A5037115399,fuzzy,I39694355,round3_semantic,29
6495,Amir-Hamed Mohsenian-Rad,A5109180838,exact,,round3_semantic,29
6690,Chadi S El Mohtar,A5052009578,fuzzy,I86519309,round3_semantic,29
7070,Vinod Vaikuntanathan,A5109730093,alias,I63966007,round3_semantic,29
7811,Gurpreet Singh,A5101737397,alias,I189590672,round3_semantic,29
8252,William W Hanlon,A5021999966,fuzzy,,round3_semantic,29
8948,Matthew E Carter,A5005132242,fuzzy,I22675022,round3_semantic,29
9917,Wei-Kuo Chen,A5110260684,exact,I130238516,round3_semantic,29
11133,Julie D Stanton,A5032802250,fuzzy,,round3_semantic,29
11916,Jing Li,A5100336787,exact,I79576946,round3_semantic,29
12617,Yu Zhang,A5100433698,alias,I55732556,round3_semantic,29
13005,Ambika Bajpayee,A5101602639,alias,I12912129,round3_semantic,29
14062,Yanling Chang,A5079934055,exact,,round3_semantic,29
14812,Liping Liu,A5100352448,alias,I121934306,round3_semantic,29
15952,Edward K. F Lee,A5069690870,fuzzy,I173911158,round3_semantic,29
