rid,aus_name,authorid,match_type,host_id,passed,n_papers,source
4,Jathan Sadowski,A5101449907,exact,I56590836,True,34,round4_semtie
6,Lina Yao,A5052731721,exact,I99043593,True,573,round4_semtie
7,Karen Hughes,A5007066750,alias,,True,246,round4_semtie
8,Filip Slaveski,A5087780355,exact,,True,38,round4_semtie
11,David Byrne,A5053028903,alias,I165779595,True,189,round4_semtie
13,Md Jahangir Hossain,A5036044230,alias,,True,2,round4_semtie
14,Jia Wu,A5007475662,exact,I99043593,True,473,round4_semtie
15,Anne Thomas,A5060639360,alias,I129604602,True,386,round4_semtie
23,Wenjie Tian,A5057172831,alias,,True,115,round4_semtie
30,Pengyi Yang,A5114375167,alias,I129604602,True,168,round4_semtie
32,Suzy Killmister,A5089797067,alias,I56590836,True,35,round4_semtie
42,Peter Macreadie,A5020824771,alias,I82951845,True,280,round4_semtie
43,John Carty,A5054798053,exact,,True,63,round4_semtie
49,Charles Butcher,A5108702546,alias,,True,46,round4_semtie
50,Hamid Laga,A5002077138,exact,I176790772,True,194,round4_semtie
62,Haoran Ren,A5053189435,exact,I56590836,True,111,round4_semtie
72,Siqi Ma,A5016972157,alias,,True,207,round4_semtie
89,Xin Cao,A5100681901,exact,I31746571,True,169,round4_semtie
103,Jun Zhang,A5100433138,exact,I11701301,True,629,round4_semtie
106,Georgios Konstantinou,A5069417209,exact,I31746571,True,318,round4_semtie
110,Caillan Davenport,A5016565122,exact,,True,98,round4_semtie
111,Martijn Konings,A5053678026,alias,I129604602,True,89,round4_semtie
123,Jun Li,A5100362041,alias,I114017466,True,959,round4_semtie
129,Lisa Stafford,A5027156357,exact,,True,49,round4_semtie
135,Andrew King,A5033570737,alias,I165779595,True,447,round4_semtie
136,Min Xu,A5100413849,alias,I114017466,True,740,round4_semtie
157,Hongqi Sun,A5089558604,alias,I177877127,True,432,round4_semtie
160,Chris Greening,A5065449925,alias,I56590836,True,199,round4_semtie
164,Rebecca Carey,A5110787636,alias,I129801699,True,135,round4_semtie
167,Daniel Bennett,A5029927753,alias,I165779595,True,58,round4_semtie
169,Ben Colagiuri,A5044132185,alias,I129604602,True,137,round4_semtie
173,Nana Wang,A5100364748,alias,,True,188,round4_semtie
174,S. Saman Razavi,A5101485362,fuzzy,,True,21,round4_semtie
176,Maria Fernanda Adame,A5028923543,exact,I11701301,True,126,round4_semtie
189,Chen Li,A5100367516,alias,I56590836,True,666,round4_semtie
192,Liang Zheng,A5100709340,alias,I118347636,True,395,round4_semtie
193,Chen Davidovich,A5020232884,alias,I56590836,True,52,round4_semtie
196,Zhifeng Bao,A5080660416,alias,,True,216,round4_semtie
206,Daria Smirnova,A5090216697,alias,I118347636,True,204,round4_semtie
213,Xi (Forest) Zhu,A5088963956,fuzzy,I114017466,True,166,round4_semtie
214,Wenhua Zhao,A5008166057,alias,,True,560,round4_semtie
216,Jin Zhang,A5100406016,alias,I31746571,True,907,round4_semtie
218,Ling Chen,A5069988750,alias,I114017466,True,556,round4_semtie
223,Matthew Griffith,A5074582408,alias,,True,75,round4_semtie
227,Jingrun Ran,A5088778869,exact,,True,72,round4_semtie
231,Yi Liu,A5100330523,exact,I31746571,True,1521,round4_semtie
240,Yang Liu,A5100684304,exact,I160993911,True,663,round4_semtie
242,Zhiliang Wang,A5100343138,alias,I165143802,True,236,round4_semtie
246,Joseph Watts,A5025502494,alias,,True,75,round4_semtie
248,Min Hong,A5011980528,alias,I185523456,True,513,round4_semtie
270,Julie Brown,A5065832832,exact,I31746571,True,379,round4_semtie
272,Yanjun Zhou,A5101664287,exact,,True,152,round4_semtie
275,Xiaoguang Duan,A5006059700,exact,,True,496,round4_semtie
278,Andrew Phillips,A5004174170,alias,I165143802,True,844,round4_semtie
279,Chang Xu,A5001529504,alias,I129604602,True,503,round4_semtie
287,Jianfeng Mao,A5060974161,exact,,True,164,round4_semtie
290,Jonathan Tyler,A5045531092,exact,,True,141,round4_semtie
298,Christian Schwab,A5044900891,alias,I99043593,True,346,round4_semtie
303,Jiajia Zhou,A5100417635,alias,I114017466,True,288,round4_semtie
310,Loic Yengo,A5025712490,exact,I165143802,True,242,round4_semtie
314,Andrew Zalesky,A5031170774,alias,I165779595,True,359,round4_semtie
320,Zhi-Gang Chen,A5090437166,alias,I160993911,True,806,round4_semtie
327,Lei Ge,A5100648466,exact,I185523456,True,353,round4_semtie
332,Zhaojun Han,A5076167668,alias,I160993911,True,248,round4_semtie
345,Jiakun Liu,A5012983146,exact,,True,93,round4_semtie
359,Annan Zhou,A5056380462,exact,I82951845,True,383,round4_semtie
363,Han Lin,A5046795697,alias,I82951845,True,203,round4_semtie
364,Bing Sun,A5019152038,alias,I114017466,True,257,round4_semtie
365,Darren Creek,A5008276408,alias,I56590836,True,210,round4_semtie
366,Chris Clark,A5064341140,alias,I205640436,True,424,round4_semtie
369,Jun Huang,A5074624048,alias,I129604602,True,485,round4_semtie
371,David Bronstein,A5090622115,alias,,True,49,round4_semtie
374,Sebastian Duchene,A5051736895,alias,I165779595,True,195,round4_semtie
375,Jason Thompson,A5103121924,alias,I165779595,True,331,round4_semtie
382,Phillip Baker,A5007275882,alias,I129604602,True,148,round4_semtie
396,Ivo Labbe,A5040520737,exact,I57093077,True,437,round4_semtie
397,William Corcoran,A5050804748,alias,,True,95,round4_semtie
418,Anita Ho-Baillie,A5060853707,exact,I129604602,True,282,round4_semtie
419,Li Wei,A5109869303,alias,I129604602,True,1236,round4_semtie
434,Tianyi Ma,A5069632856,exact,I82951845,True,693,round4_semtie
435,Wenjie Zhang,A5100385514,alias,I31746571,True,801,round4_semtie
438,Amanda Johnson,A5006781714,exact,,True,174,round4_semtie
442,CHI CHENG,A5048600285,alias,I31746571,True,20,round4_semtie
461,Gurutzeta Guillera-Arroita,A5069640986,alias,I165779595,True,83,round4_semtie
471,Michael Livingston,A5075351092,alias,I205640436,True,477,round4_semtie
473,Rosalind Dixon,A5059546468,exact,I31746571,True,203,round4_semtie
474,Jelena Rnjak-Kovacina,A5063678105,alias,I31746571,True,102,round4_semtie
477,Nigel Rogasch,A5074453122,alias,,True,149,round4_semtie
480,Saman Atapattu,A5088812297,exact,I82951845,True,114,round4_semtie
481,Yuling Wang,A5100726275,exact,I99043593,True,629,round4_semtie
487,Weiwei Lei,A5012131084,exact,I82951845,True,301,round4_semtie
488,Baohua Jia,A5084237401,exact,I82951845,True,547,round4_semtie
492,Zhi Li,A5100601794,exact,I31746571,True,228,round4_semtie
496,Anthony Brown,A5073564346,alias,,True,655,round4_semtie
501,Jennifer Atchison,A5060171663,exact,I204824540,True,69,round4_semtie
513,Kathryn Allen,A5072517470,exact,I129801699,True,93,round4_semtie
521,Markus Müllner,A5113737683,exact,I129604602,True,100,round4_semtie
523,Peter Kim,A5100672878,alias,I129604602,True,357,round4_semtie
540,David White,A5019518324,alias,I31746571,True,251,round4_semtie
541,Ke Meng,A5100650529,exact,I31746571,True,296,round4_semtie
548,Stephen Gould,A5071663279,alias,I118347636,True,1013,round4_semtie
554,Yinghui Tian,A5059885036,exact,I165779595,True,203,round4_semtie
561,Sarah Phillips,A5057780120,alias,I129604602,True,72,round4_semtie
563,Andrea Gaynor,A5077035185,alias,I177877127,True,134,round4_semtie
569,Yuting Zhang,A5100451834,exact,I165779595,True,463,round4_semtie
572,Neeraj Sharma,A5100437499,alias,I31746571,True,693,round4_semtie
573,Dan Liu,A5100326855,alias,I82951845,True,723,round4_semtie
575,Dana Kulic,A5072377971,exact,I56590836,True,305,round4_semtie
576,Lu Qin,A5046220908,alias,I114017466,True,291,round4_semtie
578,Megan MacKenzie,A5017725837,exact,I129604602,True,58,round4_semtie
596,Antonio Tricoli,A5046945765,exact,I129604602,True,186,round4_semtie
599,Michael Wheeler,A5061333891,exact,I165779595,True,265,round4_semtie
600,Lily (Yali) Li,A5100361075,fuzzy,,True,94,round4_semtie
607,Dimitrie Culcer,A5002700041,exact,I31746571,True,213,round4_semtie
612,Daniel Burgarth,A5044459179,alias,I99043593,True,147,round4_semtie
616,David Ripley,A5081440698,exact,I56590836,True,76,round4_semtie
619,Guo Chen,A5055361870,exact,I31746571,True,324,round4_semtie
621,Yang Song,A5100424908,alias,I31746571,True,1029,round4_semtie
622,Charles Kemp,A5089014521,alias,I165779595,True,253,round4_semtie
627,Lisa Ford,A5073093675,exact,I31746571,True,54,round4_semtie
632,Eva Alisic,A5026717136,alias,I165779595,True,131,round4_semtie
633,Timothy Verhoeven,A5045435752,exact,I56590836,True,63,round4_semtie
678,Yan Jiao,A5034195419,alias,I5681781,True,242,round4_semtie
680,Zhenguo Huang,A5076645149,alias,I114017466,True,188,round4_semtie
693,Jun Li,A5100362041,alias,I205640436,True,959,round4_semtie
720,Dong Xu,A5082181536,exact,I129604602,True,286,round4_semtie
728,Jian Yang,A5100604690,exact,I165143802,True,534,round4_semtie
743,Thanh Vinh Nguyen,A5089229400,alias,I31746571,True,165,round4_semtie
747,Thomas White,A5103046101,alias,I118347636,True,442,round4_semtie
749,Qiang Fu,A5100612034,alias,I114017466,True,1188,round4_semtie
758,Tatsuya Amano,A5006772243,alias,I165143802,True,219,round4_semtie
764,Ziqi Sun,A5029410439,exact,I160993911,True,396,round4_semtie
766,Laura Weyrich,A5109395385,alias,I5681781,True,113,round4_semtie
782,Danyang Wang,A5100322864,alias,I31746571,True,1193,round4_semtie
785,Eric May,A5013018945,alias,I177877127,True,384,round4_semtie
786,Yi Du,A5055715913,alias,I204824540,True,330,round4_semtie
788,Laurie Menviel,A5049584223,exact,I31746571,True,248,round4_semtie
789,Christopher Ritchie,A5032402500,alias,,True,14,round4_semtie
800,Hao Liu,A5100338921,alias,I114017466,True,3800,round4_semtie
809,Jon McCormack,A5040093215,exact,I56590836,True,162,round4_semtie
818,Anders Eriksson,A5058055590,alias,I165143802,True,545,round4_semtie
831,Ying Zhang,A5100386104,exact,I114017466,True,1277,round4_semtie
840,Jianhua Guo,A5005999266,exact,I165143802,True,509,round4_semtie
842,Christian Rinke,A5049254580,alias,I165143802,True,76,round4_semtie
843,Elizabeth Stephens,A5020827699,alias,I165143802,True,213,round4_semtie
845,Chuan Zhao,A5046268649,alias,I31746571,True,497,round4_semtie
849,Julia Kindt,A5110696782,exact,I129604602,True,61,round4_semtie
854,Kristie Miller,A5070749405,alias,I129604602,True,215,round4_semtie
857,Andrew Marshall,A5069679096,alias,I174025329,True,141,round4_semtie
862,Pu Xiao,A5055198364,exact,I118347636,True,257,round4_semtie
890,Michael Rotkowitz,A5001049101,alias,,True,60,round4_semtie
899,Bernhard Müller,A5113663905,exact,I56590836,True,171,round4_semtie
907,Ali Nazari,A5061714089,exact,I57093077,True,307,round4_semtie
912,Peter Enticott,A5071705176,alias,I149704539,True,396,round4_semtie
917,Jiangtao Xu,A5041558999,alias,I31746571,True,173,round4_semtie
921,Yuan Chen,A5100373745,alias,I129604602,True,18172,round4_semtie
934,Mark Holmes,A5049310318,alias,I165779595,True,96,round4_semtie
940,Jiabao Yi,A5079135640,exact,I78757542,True,307,round4_semtie
954,Wei Kong Pang,A5079731588,exact,I204824540,True,296,round4_semtie
958,Shahram Rahatlou,A5100753969,alias,,True,2428,round4_semtie
965,Jonathan Marshall,A5101881645,alias,I114017466,True,181,round4_semtie
971,Sarah Wright,A5016684951,exact,I78757542,True,110,round4_semtie
974,Koji Tanaka,A5101678756,alias,I118347636,True,399,round4_semtie
988,Nathan Lo,A5011378498,alias,I129604602,True,226,round4_semtie
991,Paola Escudero,A5025374032,alias,I63525965,True,196,round4_semtie
998,Tara Murphy,A5041621306,alias,I129604602,True,418,round4_semtie
1002,Olivier Alard,A5034349319,exact,I99043593,True,208,round4_semtie
1012,Alexander Argyros,A5052698990,exact,,True,201,round4_semtie
1015,Mathieu Duval,A5060957276,exact,I11701301,True,210,round4_semtie
1022,Simon Butt,A5113460872,exact,I129604602,True,128,round4_semtie
1028,Petr Cejka,A5056096904,exact,,True,128,round4_semtie
1039,Yusuke Yamauchi,A5037509120,alias,I165143802,True,1428,round4_semtie
1041,Katherine Selway,A5030030229,fuzzy,,False,1,round4_maxpapers
1048,Elena Marchetti,A5060764907,exact,I11701301,True,80,round4_semtie
1052,Xuan-Ce Wang,A5049854737,exact,I205640436,True,148,round4_semtie
1067,Juno Kim,A5024866431,exact,I31746571,True,148,round4_semtie
1075,Joanne Evans,A5047347308,alias,I56590836,True,79,round4_semtie
1089,Anna Clark,A5104089555,exact,I114017466,True,162,round4_semtie
1096,Jan Hamann,A5106633723,exact,I31746571,True,46,round4_semtie
1105,Andrea Rizzi,A5087154130,exact,I165779595,True,88,round4_semtie
1121,Susan Harris Rimmer,A5108291483,exact,I11701301,True,125,round4_semtie
1133,Martin White,A5017618655,alias,I5681781,True,2350,round4_semtie
1137,Jimin Yu,A5077338822,alias,I118347636,True,196,round4_semtie
1139,Dewei Chu,A5087368019,alias,I31746571,True,313,round4_semtie
1145,Emma Baker,A5058660951,alias,I5681781,True,178,round4_semtie
1147,Sally Cripps,A5089488913,alias,I129604602,True,55,round4_semtie
1151,Hua Xia,A5012086388,alias,I118347636,True,150,round4_semtie
1161,Wenbiao Hu,A5037253679,exact,I160993911,True,469,round4_semtie
1162,Yanbo Wang,A5100452610,exact,I129604602,True,358,round4_semtie
1166,Heather Douglas,A5009036143,exact,I165143802,True,448,round4_semtie
1188,Torsten Thomas,A5088030110,exact,I31746571,True,259,round4_semtie
1189,Chun-Xia Zhao,A5101832764,alias,I165143802,True,330,round4_semtie
1199,Richard Holden,A5031387731,alias,I31746571,True,216,round4_semtie
1207,Stuart Macgregor,A5043306923,alias,I217937681,True,837,round4_semtie
1208,Steven Bozinovski,A5079475266,exact,I82951845,True,183,round4_semtie
1215,Guy Williams,A5034431716,exact,I129801699,True,294,round4_semtie
1220,Andrew Burton-Jones,A5076505283,fuzzy,I165143802,True,235,round4_semtie
1221,Katja Fischer,A5012644402,exact,I217937681,True,146,round4_semtie
1226,Massimiliano Massi,A5047782731,exact,I205640436,True,614,round4_semtie
1228,Christopher Power,A5038583170,alias,,True,492,round4_semtie
1229,Wendy Rogers,A5047218195,exact,I99043593,True,296,round4_semtie
1234,Diana Marculescu,A5065985595,alias,,True,383,round4_semtie
1245,Shinichi Nakagawa,A5064087878,exact,I31746571,True,606,round4_semtie
1259,Michael Ireland,A5044187868,exact,I118347636,True,588,round4_semtie
1261,Abd-Krim Seghouane,A5084681382,alias,I165779595,True,155,round4_semtie
1263,Bim Graham,A5111744240,exact,I56590836,True,154,round4_semtie
1272,Matthew Gilliham,A5037451186,alias,I5681781,True,137,round4_semtie
1273,Jingliang Li,A5110488978,alias,I149704539,True,359,round4_semtie
1289,Wen Lei,A5056913793,alias,I177877127,True,461,round4_semtie
1296,Yingjie Yang,A5011300810,exact,I99043593,True,206,round4_semtie
1306,Zi Huang,A5078170935,exact,I165143802,True,398,round4_semtie
1322,Yongping Wei,A5023849125,exact,I165143802,True,183,round4_semtie
1327,Chenghua Sun,A5058308419,exact,I57093077,True,463,round4_semtie
1333,David Evans,A5100719776,fuzzy,I165143802,True,675,round4_semtie
1335,Valerie Harwood,A5019740879,alias,I129604602,True,174,round4_semtie
1361,Dacheng Tao,A5074103823,alias,I129604602,True,1941,round4_semtie
1368,Xiaolin Wang,A5100395177,exact,I204824540,True,984,round4_semtie
1379,Weihua Liu,A5031637834,alias,I1292875679,True,307,round4_semtie
1386,Xiaodong Huang,A5068970345,exact,I57093077,True,507,round4_semtie
1396,Wenhui Duan,A5068445233,exact,I56590836,True,289,round4_semtie
1402,Rajkumar Buyya,A5014716105,alias,I165779595,True,1403,round4_semtie
1410,Timothy Baldwin,A5103085805,alias,I165779595,True,449,round4_semtie
1412,Aristides Gionis,A5022164041,exact,,True,375,round4_semtie
1424,Stephanie Gras,A5088068626,exact,I56590836,True,191,round4_semtie
1426,Michael Piper,A5086214764,alias,I165143802,True,160,round4_semtie
1430,Jason Potts,A5042648415,exact,I82951845,True,408,round4_semtie
1432,Jennifer Corrin,A5001390703,exact,I165143802,True,150,round4_semtie
1436,Hongxia Wang,A5100373271,exact,I160993911,True,469,round4_semtie
1440,Stuart Bedford,A5058468175,alias,I118347636,True,171,round4_semtie
1443,Seok-Hee Hong,A5071834503,exact,I129604602,True,209,round4_semtie
1459,Jan Rueger,A5008500105,alias,,True,16,round4_semtie
1467,Scott Brown,A5074709577,exact,I78757542,True,373,round4_semtie
1471,Heng Tao Shen,A5052993469,exact,I165143802,True,703,round4_semtie
1475,Thomas Carlson,A5016939139,alias,I129604602,True,414,round4_semtie
1478,Matthew Burke,A5077531936,alias,I11701301,True,170,round4_semtie
1482,Cyrille Boyer,A5001395511,alias,I31746571,True,497,round4_semtie
1484,Tao Liu,A5100338122,alias,I31746571,True,9471,round4_semtie
1488,Simon Avenell,A5050138968,exact,I118347636,True,88,round4_semtie
1491,Roshanka Ranasinghe,A5045322252,exact,,True,268,round4_semtie
1495,Derek Abbott,A5040978000,alias,I5681781,True,1079,round4_semtie
1496,Qing Li,A5100404176,exact,I129604602,True,2449,round4_semtie
1501,Chunhua Shen,A5006294869,exact,I5681781,True,860,round4_semtie
1503,Catherine Mills,A5101505715,alias,I56590836,True,94,round4_semtie
1506,Gita Mishra,A5070105243,alias,I165143802,True,487,round4_semtie
1507,Xuehua Zhang,A5001457988,exact,I82951845,True,521,round4_semtie
1510,Bayden Wood,A5044253971,alias,I56590836,True,295,round4_semtie
1515,Michele Ford,A5057635394,alias,I129604602,True,180,round4_semtie
1520,Richard Fuller,A5036770672,alias,I165143802,True,403,round4_semtie
1526,Marcus Meinzer,A5068847747,exact,I165143802,True,165,round4_semtie
1532,Lianzhou Wang,A5100385100,alias,I165143802,True,1602,round4_semtie
1545,Alexander Heger,A5035138469,alias,I56590836,True,486,round4_semtie
1573,Zhi Ping Xu,A5100699454,exact,I165143802,True,569,round4_semtie
1577,Budiman Minasny,A5051455406,exact,I129604602,True,616,round4_semtie
1589,Marc Oxenham,A5075258991,alias,I118347636,True,168,round4_semtie
1590,Baoping Li,A5073301336,alias,,True,272,round4_semtie
1593,Min Chen,A5010191340,alias,I129604602,True,214,round4_semtie
1600,Tong Lin,A5100769666,exact,I149704539,True,391,round4_semtie
1601,Rui Zhang,A5100422092,exact,I165779595,True,654,round4_semtie
1614,James Bailey,A5031013029,alias,I165779595,True,536,round4_semtie
1617,Mark Pelusi,A5056111604,alias,I129604602,True,237,round4_semtie
1663,Ben Saul,A5047825662,exact,I129604602,True,247,round4_semtie
1667,Dusan Losic,A5003652299,exact,I5681781,True,499,round4_semtie
1679,Lan Fu,A5054231666,alias,I118347636,True,323,round4_semtie
1682,Bronwen Morgan,A5004638634,exact,I31746571,True,119,round4_semtie
1692,Assa Doron,A5086532477,alias,I118347636,True,89,round4_semtie
1702,Christopher Blake,A5108678374,alias,,True,80,round4_semtie
1704,Hark Hoe Tan,A5059240816,exact,I118347636,True,1175,round4_semtie
1710,Changhai Ding,A5029946717,exact,I129801699,True,584,round4_semtie
1713,Cordelia Fine,A5029372639,exact,I165779595,True,61,round4_semtie
1729,Duk-Yong Choi,A5004914333,exact,I118347636,True,514,round4_semtie
1744,Gabriel Molina Terriza,A5083339333,alias,I99043593,True,164,round4_semtie
1745,Douglas Kahn,A5108670592,alias,I31746571,True,231,round4_semtie
1750,Robert Hester,A5087092731,exact,I165779595,True,170,round4_semtie
1753,Dan Li,A5100380810,exact,I56590836,True,1077,round4_semtie
1768,Michael Smith,A5050357458,alias,I165779595,True,276,round4_semtie
1771,Robert Horvath,A5017359970,alias,I196829312,True,79,round4_semtie
1786,Daniel Macdonald,A5077826305,exact,I118347636,True,459,round4_semtie
1794,Ryan Lowe,A5038882588,exact,I177877127,True,298,round4_semtie
1822,Xiu Song Zhao,A5100445703,alias,I165143802,True,982,round4_semtie
1823,Sean Li,A5044978302,alias,I31746571,True,500,round4_semtie
1824,Peter Tuthill,A5016960997,exact,I129604602,True,455,round4_semtie
1825,Elaine Wong,A5044922102,exact,I165779595,True,324,round4_semtie
1829,Graham Hughes,A5008335665,exact,I118347636,True,118,round4_semtie
1847,Hilde Tubex,A5045262132,exact,I177877127,True,114,round4_semtie
1857,Helen MacDonald,A5010635935,alias,I165779595,True,45,round4_semtie
1881,Robert Sparrow,A5003388479,alias,I56590836,True,149,round4_semtie
1882,Maria Lugaro,A5036569027,exact,I56590836,True,373,round4_semtie
1898,David Beattie,A5008865748,alias,I170239107,True,140,round4_semtie
1903,Stephen Williams,A5045174960,alias,I165143802,True,1827,round4_semtie
1905,Melinda Cooper,A5081203523,exact,I129604602,True,94,round4_semtie
1907,Ingrid van der Mei,A5071467218,exact,I129801699,True,303,round4_semtie
1916,Adrian Sheppard,A5007352291,exact,I118347636,True,241,round4_semtie
1923,Nicholas Aroney,A5076654804,alias,I165143802,True,432,round4_semtie
1924,Yun Liu,A5100603066,alias,I118347636,True,726,round4_semtie
1925,Paulette van Vliet,A5081062946,exact,I78757542,True,79,round4_semtie
1932,Stephen Billett,A5070979641,alias,I11701301,True,531,round4_semtie
1946,Alison Bashford,A5016061037,alias,I129604602,True,165,round4_semtie
1953,Ashish Sharma,A5100622412,exact,I31746571,True,565,round4_semtie
1979,Felicity Baker,A5088999334,alias,I165779595,True,174,round4_semtie
1982,Yuan Feng,A5022869475,alias,I114017466,True,330,round4_semtie
1991,Sarah Maddison,A5023246769,exact,I31746571,True,191,round4_semtie
1997,Baolin Wang,A5100648294,alias,I63525965,True,321,round4_semtie
2000,Jian Li,A5100402534,alias,I56590836,True,1170,round4_semtie
2008,Zongping Shao,A5034744923,exact,I205640436,True,1058,round4_semtie
2032,Colin Smith,A5083596867,alias,I196829312,True,562,round4_semtie
2038,Martin Thomas,A5055978192,alias,I118347636,True,420,round4_semtie
2043,Karlheinz Peter,A5049936296,alias,I142471025,True,903,round4_semtie
2046,Jonathan Schaffer,A5101490473,alias,I118347636,True,92,round4_semtie
2069,David Wilson,A5045627685,exact,I31746571,True,324,round4_semtie
2074,Jean Yang,A5028524705,alias,I129604602,True,449,round4_semtie
2085,David White,A5065698184,exact,I177877127,True,932,round4_semtie
2096,Anupam Mazumdar,A5020747405,exact,,True,373,round4_semtie
2105,Michael Bunce,A5085536018,alias,I205640436,True,245,round4_semtie
2110,Kirill Alexandrov,A5060924890,exact,I165143802,True,235,round4_semtie
2111,Shanqing Zhang,A5046237914,alias,I11701301,True,428,round4_semtie
2127,Nick Barker,A5073963216,alias,,True,186,round4_semtie
2129,Ying Tan,A5023089209,alias,I165779595,True,620,round4_semtie
2140,Michael Thielscher,A5057895161,alias,I31746571,True,185,round4_semtie
2144,Yuesheng Li,A5101914943,exact,I217937681,True,123,round4_semtie
2149,Chengzhong Yu,A5009277202,alias,I165143802,True,508,round4_semtie
2161,Christina Lim,A5032554580,exact,I165779595,True,379,round4_semtie
2162,Lian Zhang,A5100647988,exact,I56590836,True,788,round4_semtie
2165,Christopher Hutchinson,A5086771995,exact,I56590836,True,225,round4_semtie
2182,Chengrong Chen,A5009088303,exact,I11701301,True,253,round4_semtie
2184,Thomas Faunce,A5085044596,alias,I118347636,True,395,round4_semtie
2187,Jin Zou,A5003746258,exact,I165143802,True,1214,round4_semtie
2193,Xuchuan Jiang,A5002962596,exact,I56590836,True,163,round4_semtie
2204,Jie Zhang,A5100436868,alias,I56590836,True,933,round4_semtie
2207,Zhenxiang Cheng,A5009561241,alias,I204824540,True,536,round4_semtie
2215,Thomas Reuter,A5102923163,alias,I165779595,True,115,round4_semtie
