host_id,display_name,alternatives,acronyms,ror,grid,country
I16609230,Hunan University,Hunan University|Húnán Dàxué|湖南大学,,05htk5m33,grid.67293.39,CN
I4210145278,Institute of Applied Physics and Computational Mathematics,Institute of Applied Physics and Computational Mathematics|北京应用物理与计算数学研究所,IAPCM,03sxpbt26,grid.418809.c,CN
I194450716,Jilin University,Jilin University|Jílín Dàxué|吉林大学,,00js3aw79,grid.64924.3d,CN
I24185976,Sichuan University,Sichuan University|Sìchuān Dàxué|四川大学,SCU,011ashp19,grid.13291.38,CN
I4210135349,Shanghai Institute of Optics and Fine Mechanics,Shanghai Institute of Optics and Fine Mechanics|中国科学院上海光学精密机械研究所,SIOM,03g897070,grid.458462.9,CN
I2802624667,Hefei Institutes of Physical Science,Hefei Institutes of Physical Science|合肥物质科学研究院,CASHIPS,046n57345,grid.454811.d,CN
I196699116,Wuhan University of Technology,Wuhan University of Technology|武汉理工大学,WHUT|WUT,03fe7t173,grid.162110.5,CN
I91656880,China Medical University,China Medical University|中国医科大学,CMU,032d4f246,grid.412449.e,CN
I189210763,Yunnan University,University of the Eastern Land|Yunnan University|云南大学,,0040axw97,grid.440773.3,CN
I83519826,Nanjing Medical University,Nanjing Medical College|Nanjing Medical University|National Jiangsu Medical College|南京医科大学,NMU,059gcgy73,grid.89957.3a,CN
I90090648,Shijiazhuang Tiedao University,Railway Engineering Institute of the People's Liberation Army|Shijiazhuang Railway Institute|Shijiazhuang Tiedao University|石家庄铁道大学,STDU,022e9e065,grid.440641.3,CN
I4210099069,Institute of Acoustics,Institute of Acoustics|中国科学院声学研究所,IOA,00v8rqv75,grid.458455.d,CN
I4210101301,Northeast Institute of Geography and Agroecology,Northeast Institute of Geography and Agroecology|中国科学院东北地理与农业生态研究所,IGA,01a9z1q73,grid.458493.7,CN
I12411659,Tianjin University of Traditional Chinese Medicine,Tianjin University of Traditional Chinese Medicine|天津中医药大学,TUTCM,05dfcz246,grid.410648.f,CN
I4405270881,Nuclear Power Institute of China,Nuclear Power Institute of China|中国核动力研究设计院,NPIC,01fz94q82,,CN
I129708740,Fujian Medical University,Fujian Medical University|福建医科大学,FJMU,050s6ns64,grid.256112.3,CN
I20231570,Peking University,Imperial University of Peking|Peking University|北京大学,PKU,02v51f717,grid.11135.37,CN
I157773358,Sun Yat-sen University,Sun Yat-sen University|中山大学,,0064kty71,grid.12981.33,CN
I4210126061,Institute of Geology and Geophysics,Institute of Geology and Geophysics|中国科学院地质与地球物理研究所,IGGCAS,030vmwa78,grid.458476.c,CN
I4210123885,Shanghai Institute of Applied Physics,Shanghai Institute of Applied Physics|Shanghai Institute of Nuclear Research|中国科学院上海应用物理研究所,SINAP,02w6gr951,grid.450275.1,CN
I4210112946,Shanghai Institute of Organic Chemistry,Shanghai Institute of Organic Chemistry|中国科学院上海有机化学研究所,SIOC,01y3hvq34,grid.422150.0,CN
I4210149494,Institute of Animal Sciences,Institute of Animal Husbandry|Institute of Animal Husbandry of CAAS|Institute of Animal Husbandry of Chinese Academy of Agricultural Sciences|Institute of Animal Sciences|Institute of Animal Sciences of CAAS|Institute of Animal Sciences of Chinese Academy of Agricultural Sciences|中国农业科学院北京畜牧兽医研究所,IAS|IAS CAAS,04tcthy91,grid.464332.4,CN
I4210133325,Institute of Process Engineering,"Institute of Chemical Metallurgy, Chinese Academy of Sciences|Institute of Process Engineering|中国科学院过程工程研究所",ICM-CAS|IPE-CAS,03j4x9j18,grid.458442.b,CN
I4210120320,Institute of Engineering Thermophysics,Institute of Engineering Thermophysics|中国科学院工程热物理研究所,IET,031zj0q48,grid.458465.e,CN
I21193070,Beijing Jiaotong University,Beijing Jiaotong University|Northern Jiaotong University|北京交通大学,BJTU,01yj56c84,grid.181531.f,CN
I4210124748,Institute of Mountain Hazards and Environment,Institute of Mountain Hazards and Environment|中国科学院水利部成都山地灾害与环境研究所,IMHE,02z0nsb22,grid.454164.6,CN
I39333907,Yanshan University,Yanshan University|Yānshān dàxué|燕山大学,YSU,02txfnf15,grid.413012.5,CN
I4610292,Xiangtan University,Xiangtan University|Xiāngtán Dàxué|湘潭大学,XTU,00xsfaz62,grid.412982.4,CN
I17747738,Beijing University of Chinese Medicine,Beijing University of Chinese Medicine|北京中医药大学,BUCM,05damtm70,grid.24695.3c,CN
I4210165339,Ningbo Institute of Industrial Technology,Ningbo Institute of Industrial Technology|Ningbo Institute of Materials Technology & Engineering|中国科学院宁波材料技术与工程研究所,CNITECH|NIMTE,05nqg3g04,grid.458492.6,CN
I37574244,Sichuan Agricultural University,Sichuan Agricultural University|四川农业大学,SAU,0388c3403,grid.80510.3c,CN
I136765683,Tianjin University of Technology,Tianjin University of Technology|天津理工大学,,00zbe0w13,grid.265025.6,CN
I106994412,Sinopec (China),China Petroleum & Chemical Corporation|Sinopec (China)|中国石油化工股份有限公司石油勘探开发研究院,,0161q6d74,grid.418531.a,CN
I13985625,East China Jiaotong University,East China Jiaotong University|Shanghai Railway Institute|华东交通大学,ECJTU,05x2f1m38,grid.440711.7,CN
I75955062,Henan Normal University,Henan Normal University|河南师范大学,,00s13br28,grid.462338.8,CN
I151727225,Harbin Engineering University,Harbin Engineering University|Hāěrbīn Gōngchéng Dàxué|哈尔滨工程大学,HEU,03x80pn82,grid.33764.35,CN
I9842412,Nanjing University of Aeronautics and Astronautics,Nanjing Aeronautical Institute|Nanjing College of Aviation Industry|Nanjing University of Aeronautics and Astronautics|南京航空航天大学,NUAA,01scyh794,grid.64938.30,CN
I52158045,China Agricultural University,China Agricultural University|Zhōngguó Nóngyè Dàxué|中国农业大学,CAU,04v3ywz14,grid.22935.3f,CN
I169572211,Northeast Agricultural University,Dōngběi Nóngyè Dàxué|Northeast Agricultural University|东北农业大学,NEAU,0515nd386,grid.412243.2,CN
I161716053,China Pharmaceutical University,China Pharmaceutical University|中国药科大学,CPU,01sfm2718,grid.254147.1,CN
I4210152758,Institute of Atmospheric Physics,Institute of Atmospheric Physics|Institute of Meteorology of Academia Sinica|中国科学院大气物理研究所,IAP,0424h4e32,grid.424023.3,CN
I4210101167,Institute of Oceanology,Institute of Oceanology|中国科学院海洋研究所,IOCAS,018yw5541,grid.454850.8,CN
I139660479,Central South University,Central South University|中南大学,CSU,00f1zfq44,grid.216417.7,CN
I37796252,Beijing University of Technology,Beijing Polytechnic University|Beijing University of Technology|Běijīng Gōngyè Dàxué|北京工业大学,,037b1pp87,grid.28703.3e,CN
I163340411,Hohai University,Hohai University|河海大学,,01wd4xt90,grid.257065.3,CN
I78978612,Yangzhou University,Yangzhou University|扬州大学,,03tqb8s11,grid.268415.c,CN
I4210152908,Chengdu Institute of Biology,Chengdu Institute of Biology|中国科学院成都生物研究所,CIB,04w5etv87,grid.458441.8,CN
I4210109544,Second Institute of Oceanography,Second Institute of Oceanography|国家海洋局第二海洋研究所创建于,SIOSOA,01tkb7c15,grid.473484.8,CN
I29739308,Guangxi Normal University,Guangxi Normal University|Guǎngxī shīfàn dàxué|广西师范大学,GXNU,02frt9q65,grid.459584.1,CN
I4210156404,Institute of Information Engineering,Institute of Information Engineering|中国科学院信息工程研究所,IIE,04r53se39,grid.458480.5,CN
I158842170,Chongqing University,Chongqing University|Chóngqìng Dàxué|重庆大学,CQU,023rhb549,grid.190737.b,CN
I87445476,Xi'an Jiaotong University,Xi'an Jiao Tong University|Xi'an Jiaotong University|Xian Jiaotong University|西安交通大学,XJTU,017zhmm22,grid.43169.39,CN
I170215575,National University of Defense Technology,Guófáng Kēxuéjìshù Dàxué|National University of Defense Technology|中国人民解放军国防科学技术大学,NUDT,05d2yfz11,grid.412110.7,CN
I4210098460,Shanghai University of Traditional Chinese Medicine,Shanghai University of Traditional Chinese Medicine|上海中医药大学|上海中醫藥大學,SHUTCM,00z27jk27,grid.412540.6,CN
I4210119098,Fujian Institute of Research on the Structure of Matter,Fujian Institute of Research on the Structure of Matter|中国科学院福建物质结构研究所,FJIRSM,02j89k719,grid.418036.8,CN
I18489884,Kunming Institute of Zoology,Kunming Institute of Zoology|中国科学院昆明动物研究所,KIZ,03m0vk445,grid.419010.d,CN
I4210134982,Institute of Microbiology,Institute of Microbiology|中国科学院微生物研究所,IMCAS,047yhep71,grid.458488.d,CN
I2801168720,Yunnan Observatories,Yunnan Astronomical Observatory|Yunnan Observatories|云南天文台,YAO|YNAO,02f42pw58,grid.458483.6,CN
I4210163874,Shanghai Institute of Ceramics,Shanghai Institute of Ceramic Chemistry and Engineering|Shanghai Institute of Ceramics|中国科学院上海硅酸盐研究所,SICCAS,05etnz140,grid.454856.e,CN
I9086337,Taiyuan University of Technology,Taiyuan University of Technology|太原理工大学,,03kv08d37,grid.440656.5,CN
I108688024,Qingdao University,Qingdao University|Qīngdǎo Dàxué|青岛大学,,021cj6z65,grid.410645.2,CN
I143593769,East China University of Science and Technology,East China University of Science and Technology|Huádōng Lǐgōng Dàxué|华东理工大学|華東理工大學,ECUST,01vyrm377,grid.28056.39,CN
I192868223,Zhengzhou University of Aeronautics,Zhengzhou Institute of Aeronautical Industry Management|Zhengzhou University of Aeronautics|Zhèngzhōu Hángkōng Gōngyè Guǎnlǐ Xuéyuàn|郑州航空工业管理学院,ZZIA,01qjyzh50,grid.464501.2,CN
I2800710378,Naval University of Engineering,Naval University of Engineering|Zhōngguó Rénmín Jiěfàngjūn Haǐjūn Gōngchéng Dàxué|中国人民解放军海军工程大学,NUEPLA,056vyez31,grid.472481.c,CN
I4210097978,Institute of Plant Protection,Institute of Plant Protection|中国农业科学院植物保护研究所,IPP,0111f7045,grid.464356.6,CN
I4405261629,Institute of Basic Theory for Chinese Medicine,"Institute of Basic Theory for Chinese Medicine|Institute of Basic Theory for Chinese Medicine, China Academy of Chinese Medical Sciences|中医基础理论研究所|中国中医科学院中医基础理论研究所",,05kf82e36,,CN
I180726961,Shenzhen University,Shenzhen University|深圳大学,SZU,01vy4gh70,grid.263488.3,CN
I204831749,Southwestern University of Finance and Economics,Southwestern University of Finance and Economics|西南财经大学,SWUFE,04ewct822,grid.443347.3,CN
I111753288,Fujian Normal University,Fujian Normal University|福建师范大学,FNU,020azk594,grid.411503.2,CN
I4210141458,Cancer Hospital of Chinese Academy of Medical Sciences,Cancer Hospital of Chinese Academy of Medical Sciences|Ritan Hospital|中国医学科学院肿瘤医院,,03x937183,grid.459409.5,CN
I88372448,Dalian Polytechnic University,Dalian Polytechnic University|大连工业大学,DPU,00c7x4a95,grid.440692.d,CN
I151075929,Army Medical University,Army Medical University|Third Military Medical University|中国人民解放军第三军医大学,,05w21nn13,grid.410570.7,CN
I76214153,Lanzhou University,Lanzhou University|兰州大学,,01mkqqe32,grid.32566.34,CN
I4210126304,Institute of Metal Research,Institute of Metal Research,IMR,03pa1rf77,grid.458487.2,CN
I4210092888,Changchun Institute of Applied Chemistry,Changchun Institute of Applied Chemistry|Northeast Industrial Institute|中国科学院长春应用化学研究所,CIAC,00h52n341,grid.453213.2,CN
I177933477,Second Military Medical University,People's Liberation Army Naval Medical University|Second Military Medical University|中国人民解放军海军军医大学|中国人民解放军第二军医大学|中國人民解放軍海軍軍醫大學|海军军医大学|第二军医大学,SMMU,04tavpn47,grid.73113.37,CN
I4210167311,Institute of Zoology,Fan Memorial Institute of Biology|Institute of Zoology|中国科学院动物研究所,IOZ|IOZCAS,05skxkv18,grid.458458.0,CN
I4210090176,Institute of Computing Technology,Institute of Computing Technology|中国科学院计算技术研究所,ICT,0090r4d87,grid.424936.e,CN
I4210105990,Institute of Geodesy and Geophysics,Institute of Geodesy|Institute of Geodesy and Geophysics|中国科学院测量与地球物理研究所,IGG,01gkn6j11,grid.458472.8,CN
I4210106882,Wuhan Institute of Virology,Wuhan Institute of Microbiology|Wuhan Institute of Virology|中国科学院武汉病毒研究所,WIV,01jxjav08,grid.439104.b,CN
I55712492,Zhejiang University of Technology,Zhejiang University of Technology|Zhèjiāng Gōngyè Dàxúe|浙江工业大学,ZJUT,02djqfd08,grid.469325.f,CN
I111381250,Hebei Medical University,Hebei Medical University|河北医科大学,HMU,04eymdx19,grid.256883.2,CN
I181326427,Donghua University,Donghua University|Dōnghuá Dàxué|东华大学|東華大學,DHU,035psfh38,grid.255169.c,CN
I3923682,Soochow University,Soochow University|Sūzhōu Dàxué|苏州大学,,05t8y2r12,grid.263761.7,CN
I173899330,Henan University,Henan University|Hénán Dàxué|河南大学,,003xyzq10,grid.256922.8,CN
I4210134482,Nanjing Institute of Geography and Limnology,Geography Institute of China|Nanjing Institute of Geography and Limnology|中国科学院南京地理与湖泊研究所,NIGLAS,03k6r8t20,grid.458478.2,CN
I111599522,Jiangnan University,Jiangnan University|Jiāngnán Dàxué|Southern Yangtze University|江南大学,JU,04mkzax54,grid.258151.a,CN
I72212903,Harbin Veterinary Research Institute,Harbin Veterinary Research Institute|中国农业科学院哈尔滨兽医研究所,HVRI,034e92n57,grid.38587.31,CN
I21945476,Shanghai Normal University,Shanghai Normal University|上海师范大学|上海師範大學,SHNU,01cxqmw89,grid.412531.0,CN
I56934997,Changsha University of Science and Technology,Changsha University of Science and Technology|Chángshā Lǐgōng Dàxué|长沙理工大学,CSUT,03yph8055,grid.440669.9,CN
I161350542,China Three Gorges University,China Three Gorges University|三峡大学,CTGU,0419nfc77,grid.254148.e,CN
I4210141483,National Center for Nanoscience and Technology,National Center for Nanoscience and Technology|国家纳米科学中心,NCNST,04f49ff35,grid.419265.d,CN
I143413998,Qingdao University of Science and Technology,Qingdao University of Science and Technology|Qīngdǎo Kējì Dàxué|青岛科技大学,QUST,041j8js14,grid.412610.0,CN
I61057504,Fujian Agriculture and Forestry University,Fujian Agriculture and Forestry University|福建农林大学,FAFU,04kx2sy84,grid.256111.0,CN
I139024713,Guangdong University of Technology,Guangdong University of Technology|Guǎngdōng Gōngyè Dàxué|广东工业大学,GDUT,04azbjn80,grid.411851.8,CN
I2799850029,Dongguan University of Technology,Dongguan University of Technology|东莞理工学院,DGUT,01m8p7q42,grid.459466.c,CN
I99065089,Tsinghua University,Tsinghua University|清华大学,THU,03cve4549,grid.12527.33,CN
I150229711,University of Electronic Science and Technology of China,University of Electronic Science and Technology of China|电子科技大学,UESTC,04qr3zq92,grid.54549.39,CN
I82880672,Beihang University,Beihang University|Beijing University of Aeronautics and Astronautics|北京航空航天大学,BUAA,00wk2mp56,grid.64939.31,CN
I2802939634,Chinese PLA General Hospital,301 Military Hospital|Chinese PLA General Hospital|中国人民解放军总医院,PLAGH,04gw3ra78,grid.414252.4,CN
I4210144289,Research Center for Eco-Environmental Sciences,Institute of Environmental Chemistry|Research Center for Eco-Environmental Sciences|中国科学院生态环境研究中心,RCEES,03rpsvy57,grid.419052.b,CN
I126520041,University of Science and Technology of China,University of Science and Technology of China|中国科学技术大学,USTC,04c4dkn09,grid.59053.3a,CN
I4210131271,Institute of Modern Physics,Institute of Modern Physics|中国科学院近代物理研究所,IMP,03x8rhq63,grid.450259.f,CN
I4210112150,Institute of Automation,Institute of Automation|自动化研究所,CASIA,022c3hy66,grid.429126.a,CN
I4210162190,"China University of Petroleum, East China","China University of Petroleum, East China|中国石油大学",,05gbn2817,grid.497420.c,CN
I154099455,Shandong University,"Shandong University|Shāndōng Dàxué,|山东大学",SDU,0207yh398,grid.27255.37,CN
I169479621,Development Research Center of the State Council,Development Research Center of the State Council|Guówùyuàn Fāzhǎn Yánjiū Zhōngxīn|国务院发展研究中心,DRC,00gkkv889,grid.464284.8,CN
I4210110458,Institute of Electronics,Institute of Electronics|中国科学院电子学研究所,IECAS,01z143507,grid.458464.f,CN
I37987034,Guangzhou University,Guangzhou University|Guǎngzhōu dàxué|广州大学,,05ar8rn06,grid.411863.9,CN
I4210133131,Chinese Academy of Meteorological Sciences,Chinese Academy of Meteorological Sciences|中国气象科学研究院,CAMS,034b53w38,grid.508324.8,CN
I113940042,Shanghai University,Shanghai University|Shànghǎi Dàxué|上海大学|上海大學,SHU,006teas31,grid.39436.3b,CN
I36399199,Nanjing University of Science and Technology,Nanjing University of Science and Technology|Nánjīng Lǐgōng Dàxué|Nánlǐgōng|南京理工大学,NUST,00xp9wg62,grid.410579.e,CN
I154093214,Xinjiang Medical University,Shinjang Tibbiy Universitet|Xinjiang Medical College|Xinjiang Medical University|新疆医科大学,XMU,01p455v08,grid.13394.3c,CN
I146620803,Wenzhou University,Wenzhou University|温州大学,WZU,020hxh324,grid.412899.f,CN
I4210119653,Institute of Urban Environment,Institute of Urban Environment|中国科学院城市环境研究所,IUE|IUECAS,025gq5q04,grid.458454.c,CN
I181679659,Shanghai University of Finance and Economics,Shanghai University of Finance and Economics|上海財經大學|上海财经大学,SUFE,00wtvfq62,grid.443531.4,CN
I16365422,Hefei University of Technology,Hefei University of Technology|合肥工业大学,HFUT,02czkny70,grid.256896.6,CN
I4210153930,Guangdong Provincial People's Hospital,Guangdong Provincial People's Hospital|Second People's Hospital of Guangdong Province|广东省第二人民医院,GGH,045kpgw45,grid.413405.7,CN
I4210137309,National Center for Climate Change Strategy and International Cooperation,National Center for Climate Change Strategy and International Cooperation|National Climate Strategy Center|国家应对气候变化战略研究和国际合作中心,NCSC,03mxyqx84,grid.507005.7,CN
I4210159790,Institute of Earth Environment,Institute of Earth Environment|Xi’an Research Laboratory of Loess and Quaternary Geology|中国科学院地球环境研究所,IEE,04nps9965,grid.458457.f,CN
I4210164580,National Astronomical Observatories,Beijing Astronomical Observatory|National Astronomical Observatories|中国科学院国家天文台,NAOC,058pyyv44,grid.450302.0,CN
I101479585,South China Agricultural University,South China Agricultural College|South China Agricultural University|华南农业大学,SCAU,05v9jqt67,grid.20561.30,CN
I4210104598,Institute of Agricultural Economics and Development,Institute of Agricultural Economics and Development|中国农业科学院农业经济与发展研究所,IAED,00xz0ff56,grid.464327.0,CN
I116953780,Tongji University,Tongji University|Tongji-Universität|Tóngjì Dàxué|同济大学|同濟大學,,03rc6as71,grid.24516.34,CN
I183067930,Shanghai Jiao Tong University,Shanghai Communications University|Shanghai Jiao Tong University|Shanghai Jiaotong University|上海交通大学|上海交通大學,SJTU,0220qvk04,grid.16821.3c,CN
I4210112540,Institute of Biophysics,Beijing Experimental Biology Institute|Institute of Biophysics|中国科学院生物物理研究所,IBP,01tyv8576,grid.418856.6,CN
I4210089297,Lanzhou Institute of Chemical Physics,Lanzhou Institute of Chemical Physics|中国科学院兰州化学物理研究所,LICP,007ffzr57,grid.454832.c,CN
I134687103,Nanjing Tech University,Nanjing Tech University|Nanjing University of Technology|南京工业大学,NJTech,03sd35x91,grid.412022.7,CN
I78988378,Renmin University of China,People's University of China|Renmin University of China|Zhōngguó Rénmín Dàxué|中国人民大学,RUC,041pakw92,grid.24539.39,CN
I2802541053,Academy of Military Medical Sciences,Academy of Military Medical Sciences|中国人民解放军军事医学科学院,,02bv3c993,grid.410740.6,CN
I167027274,Nanjing Forestry University,Nanjing Forestry College|Nanjing Forestry University|Nanjing Technological College of Forest Products|Sanjiang Normal College|南京林业大学,NFU|NJFU,03m96p165,grid.410625.4,CN
I63371133,Chongqing Jiaotong University,Chongqing Jiaotong University|重庆交通大学,,01t001k65,grid.440679.8,CN
I4210161896,Fu Wai Hospital,Fu Wai Hospital|中国医学科学院阜外心血管病医院,,0590dnz19,grid.415105.4,CN
I43922553,Wuhan University of Science and Technology,Wuhan University of Science and Technology|武汉科技大学,WUST,00e4hrk88,grid.412787.f,CN
I4210104252,Air Force Engineering University,Air Force Engineering University|中国人民解放军空军工程大学,AFEU,00seraz22,grid.440645.7,CN
I10535382,Chongqing University of Posts and Telecommunications,Chongqing University of Posts and Telecommunications|重庆邮电大学,CQUPT,03dgaqz26,grid.411587.e,CN
I184843921,Hebei University of Technology,Hebei University of Technology|Héběi Gōngyè Dàxué|河北工业大学,HEBUT,018hded08,grid.412030.4,CN
I4210140689,Technical Institute of Physics and Chemistry,Cryogenic Laboratory|Institute of Photographic Chemistry|Technical Institute of Physics and Chemistry|中国科学院理化技术研究所,TIPCCAS,04akaak77,grid.458502.e,CN
I76569877,Southeast University,Dōngnán Dàxué|Southeast University|东南大学,SEU,04ct4d772,grid.263826.b,CN
I881766915,Nanjing University,Nanjing University|Nanking University|南京大学,NJU|NU,01rxvg760,grid.41156.37,CN
I4210159903,Institute of Coal Chemistry,CAS Laboratory of Coal Chemistry|Institute of Coal Chemistry|中国科学院山西煤炭化学研究所,ICC,05j73fd60,grid.454771.4,CN
I200296433,Chinese Academy of Medical Sciences & Peking Union Medical College,Chinese Academy of Medical Sciences|Chinese Academy of Medical Sciences & Peking Union Medical College|Peking Union Medical College|中国医学科学院|中国医学科学院北京协和医学院|北京协和医学院,CAMS|CAMS&PUMC|PUMC,02drdmm93,grid.506261.6,CN
I2802340896,Purple Mountain Observatory,Cradle of Modern Astronomy|Institute of Astronomy|Purple Mountain Observatory|Zijinshan Astronomical Observatory|中国科学院紫金山天文台,PMO,02eb4t121,grid.458497.3,CN
I4210089584,Institute of Hydrobiology,Institute of Hydrobiology|武汉水生生物研究所,IHB,00b4mx203,grid.429211.d,CN
I58200834,Southern Medical University,First Military Medical University|Southern Medical University|南方医科大学,SMU,01vjw4z39,grid.284723.8,CN
I75390827,Beijing University of Chemical Technology,Beijing University of Chemical Technology|Běijīng Huàgōng Dàxué|北京化工大学,BUCT,00df5yc52,grid.48166.3d,CN
I4210128818,Institute of Software,Institute of Software|Zhōngguó Kēxuéyuàn Ruǎnjiàn Yánjiūsuǒ|中国科学院软件研究所,IOS|ISCAS,033dfsn42,grid.458446.f,CN
I4210106541,Chengdu Organic Chemicals (China),Chengdu Institute of Organic Chemistry|Chengdu Organic Chemicals (China)|中国科学院成都有机化学有限公司,COCC,01nmxvn49,grid.458550.9,CN
I4210165559,Institute of Soil Science,Institute of Soil Science|中国科学院南京土壤研究所,ISSAS,05nj8ma95,grid.458485.0,CN
I2801454379,Xishuangbanna Tropical Botanical Garden,Xishuangbanna Tropical Botanical Garden|西双版纳热带植物园,XTBG,02rz58g17,grid.458477.d,CN
I153473198,North China Electric Power University,Huáběi diànlì dàxué|North China Electric Power University|华北电力大学,NCEPU,04qr5t414,grid.261049.8,CN
I119045251,Huaqiao University,Huaqiao University|Huáqiáo Dàxué|华侨大学,,03frdh605,grid.411404.4,CN
I4210106108,Xinjiang Technical Institute of Physics & Chemistry,Xinjiang Technical Institute of Physics & Chemistry|中国科学院新疆理化技术研究所,XTIPC,00x44h034,grid.458474.e,CN
I74485261,Shandong Agricultural University,Shandong Agricultural University|Shāndōng Nóngyè Dàxué|山东农业大学,SDAU,02ke8fw32,grid.440622.6,CN
I163151501,Hangzhou Normal University,Hangzhou Normal University|Hángzhōu Shīfàn Dàxué|杭州师范大学,,014v1mr15,grid.410595.c,CN
I146563203,University of International Business and Economics,University of International Business and Economics|对外经济贸易大学,UIBE,05khqpb71,grid.443284.d,CN
I4800084,Southwest Jiaotong University,Southwest Jiaotong University|Xīnán Jiāotōng Dàxué|西南交通大学,SWJTU,00hn7w693,grid.263901.f,CN
I187400657,South China Normal University,South China Normal University|华南师范大学,SCNU,01kq0pv72,grid.263785.d,CN
I76130692,Zhejiang University,Chekiang University|Zheda|Zhejiang University|浙江大学,ZJU,00a2xv884,grid.13402.34,CN
I27357992,Dalian University of Technology,Dalian University of Technology|Dàlián Lǐgōng Dàxué|大连理工大学,DUT,023hj5876,grid.30055.33,CN
I59028903,Ocean University of China,Ocean University of China|Zhōngguó Hǎiyáng Dàxué|中国海洋大学,OUC,04rdtx186,grid.4422.0,CN
I4210149211,Institute of Semiconductors,Institute of Semiconductors|中国科学院半导体研究所,IOS,048dd0611,grid.454865.e,CN
I4210088164,"Changchun Institute of Optics, Fine Mechanics and Physics","Changchun Institute of Optics, Fine Mechanics and Physics|中国科学院长春光学精密机械与物理研究所",CIOMP,012rct222,grid.458482.7,CN
I38877650,Zhengzhou University,Zhengzhou University|郑州大学,,04ypx8c21,grid.207374.5,CN
I4210096139,China Institute of Atomic Energy,China Institute of Atomic Energy|中国原子能科学研究院,CIAE,00v5gqm66,grid.410655.3,CN
I2799714274,Shanghai Astronomical Observatory,Shanghai Astronomical Observatory|中国科学院上海天文台,SHAO,003n8re58,grid.450322.2,CN
I142108993,Southwest University,Southwest University|Xīnán Dàxué|西南大学,SWU,01kj4z117,grid.263906.8,CN
I4210163363,PLA Army Engineering University,PLA Army Engineering University|PLA University of Science and Technology|People's Liberation Army Polytechnic University|中国人民解放军陆军工程大学,PLA UST,05mgp8x93,grid.440614.3,CN
I149594827,Xidian University,University of Electronic Science and Technology at Xi'an|Xidian University|Xīān Diànzǐ Kējì Dàxué|西安电子科技大学,,05s92vm98,grid.440736.2,CN
I4210092032,China Institute of Water Resources and Hydropower Research,China Institute of Water Resources and Hydropower Research|中国水利水电科学研究院,IWHR,00m4czf33,grid.453304.5,CN
I4210103541,Institute of Soil and Water Conservation,"Institute of Soil and Water Conservation|Institute of Soil and Water Conservation, CAS & MWR|中国科学院水利部水土保持研究所",ISWC,013wv8d67,grid.458510.d,CN
I4210112820,Shanghai Institute of Materia Medica,Shanghai Institute of Materia Medica|中国科学院上海药物研究所,SIMM,022syn853,grid.419093.6,CN
I90610280,South China University of Technology,Huánán Lǐgōng Dàxué|South China University of Technology|华南理工大学,SCUT,0530pts50,grid.79703.3a,CN
I3018690959,Guangzhou Institute of Geochemistry,Guangzhou Institute of Geochemistry|Institute of Geology|中国科学院广州地球化学研究所,GIGCAS,0356cst02,grid.454798.3,CN
I47720641,Huazhong University of Science and Technology,Huazhong University of Science and Technology|Huázhōng Kējì Dàxué|华中科技大学,HUST,00p991c53,grid.33199.31,CN
I5740404,Tianjin Medical University,Tianjin Medical University|Tiānjīn Yīkē Dàxué|天津医科大学,TMU,02mh8wx89,grid.265021.2,CN
I3124059619,China University of Geosciences,Beijing Institute of Geology|China University of Geosciences|Hubei College of Geology|Wuhan College of Geology|中国地质大学,CUG,04gcegc37,grid.503241.1,CN
I4210135723,Shanghai Institute of Technical Physics,Shanghai Institute of Technical Physics|中国科学院上海技术物理研究所,SITP,02txedb84,grid.458467.c,CN
I25757504,China University of Mining and Technology,China University of Mining and Technology|Zhōngguó Kuàngyè Dàxué|中国矿业大学,CUMT,01xt2dr21,grid.411510.0,CN
I184983240,Northeast Normal University,Dōngběi Shīfàn Dàxué|Northeast Normal University|东北师范大学,NENU,02rkvz144,grid.27446.33,CN
I2802505932,China Aerodynamics Research and Development Center,China Aerodynamics Research and Development Center|Zhōngguó Kōngqì Dònglì Yánjiū yǔ Fāzhǎn Zhōngxīn|中国空气动力研究与发展中心,CARDC,00jma8s40,grid.469557.c,CN
I47689461,Northeast Forestry University,Dōngběi Línyè Dàxué|Northeast Forestry University|东北林业大学,NEFU,02yxnh564,grid.412246.7,CN
I50760025,Hangzhou Dianzi University,Hangzhou Dianzi University|Hangzhou Institute of Electrical Engineering|Hángzhōu diànzǐ kējì dàxué|杭州电子科技大学,HDU,0576gt767,grid.411963.8,CN
I4210141683,China Academy of Chinese Medical Sciences,China Academy of Chinese Medical Sciences|中国中医科学院,CACMS,042pgcv68,grid.410318.f,CN
I115592961,Jiangsu University,Jiangsu University|Jiāngsū Dàxué|江苏大学,,03jc41j30,grid.440785.a,CN
I4210119469,Institute of Vegetables and Flowers,Institute of Vegetables and Flowers|中国农业科学院蔬菜花卉研究所,IVF,02fnpjd08,grid.464357.7,CN
I31637741,Inner Mongolia University of Science and Technology,Baotou Steel and Iron Institute|Inner Mongolia University of Science and Technology|内蒙古科技大学,IMUST,044rgx723,grid.462400.4,CN
I4210093645,National Time Service Center,National Time Service Center|Shaanxi Astronomical Observatory|中国科学院国家授时中心,NTSC,00655qp86,grid.458490.4,CN
I4210149219,Feed Research Institute,Feed Research Institute|中国农业科学院饲料研究所,FRI,0490rfk07,grid.464252.3,CN
I4210151155,Academy of Opto-Electronics,Academy of Opto-Electronics|中国科学院光电研究院,AOE,04acsr153,grid.458509.5,CN
I132369690,Tianjin University of Science and Technology,Tianjin University of Science and Technology|Tiānjīn Kējì Dàxué|天津科技大学,,018rbtf37,grid.413109.e,CN
I4210158139,Qingdao Institute of Bioenergy and Bioprocess Technology,Qingdao Institute of Bioenergy and Bioprocess Technology|中国科学院青岛生物能源与过程研究所,QIBEBT,05h3vcy91,grid.458500.c,CN
I141649914,Nanchang University,Nanchang University|Nánchāng Dàxué|南昌大学,NCU,042v6xz23,grid.260463.5,CN
I4210123021,Chongqing Institute of Green and Intelligent Technology,Chinese Academy of Sciences Chongqing Institute|Chongqing Institute of Green and Intelligent Technology|重庆绿色智能技术研究院,CIGIT,031npqv35,grid.458445.c,CN
I2898894,Liaoning University of Technology,Liaoning Institute of Technology|Liaoning University of Technology|辽宁工业大学,,05ay23762,grid.440819.0,CN
I92039509,Guangzhou Medical University,Guangzhou Medical College|Guangzhou Medical University|广州医科大学,GMU,00zat6v61,grid.410737.6,CN
I37461747,Wuhan University,Wuhan University|武汉大学,WHU,033vjfk17,grid.49470.3e,CN
I135714990,North University of China,"North University of China|Taihang Industrial School, North China Vocational School of Ordnance|Taiyuan Institute of Machinery|中北大学",NUC,047bp1713,grid.440581.c,CN
I119454577,Nanjing Agricultural University,Nanjing Agricultural University|Nánjīng nóngyè dàxué|南京农业大学,NAU,05td3s095,grid.27871.3b,CN
I9224756,Northeastern University,Dōngběi Dàxué|Northeastern University|东北大学,NEU,03awzbc87,grid.412252.2,CN
I4210107235,Institute of Subtropical Agriculture,Changsha Institute of Agricultural Modernization|Institute of Subtropical Agriculture|中国科学院亚热带农业生态研究所,ISA,01hh9ag93,grid.458449.0,CN
I4210157653,Institute of Mechanics,Institute of Mechanics|中国科学院力学研究所,IMCAS,057jnjd73,grid.458484.1,CN
I125839683,Beijing Institute of Technology,Beijing Institute of Technology|北京理工大学,BIT,01skt4w74,grid.43555.32,CN
I110440473,Xi'an University of Science and Technology,Xi'an University of Science and Technology|西安科技大学,XUST,046fkpt18,grid.440720.5,CN
I156144747,Harbin Medical University,Harbin Medical University|Hāěrbīn Yīkē Dàxué|哈尔滨医科大学,HMU,05jscf583,grid.410736.7,CN
I4210131870,"Institute of Psychology, Chinese Academy of Sciences","Institute of Psychology of Academia Sinica|Institute of Psychology, Chinese Academy of Sciences|中国科学院心理研究所",IP,03j7v5j15,grid.454868.3,CN
I74837319,Jiangxi Agricultural University,Jiangxi Agricultural University|Jiāngxī Nóngyè Dàxué|江西农业大学,JXAU,00dc7s858,grid.411859.0,CN
I32574673,Shantou University,Shantou University|Shàntóu Dàxué|汕头大学,STU,01a099706,grid.263451.7,CN
I4210089040,Beijing Institute of Optoelectronic Technology,Beijing Institute of Optoelectronic Technology|北京光电技术研究所,BIOET,0099d6q96,grid.495626.a,CN
I4210106793,Cotton Research Institute,Cotton Research Institute|中国农业科学院棉花研究所,ICR,01edrm178,grid.464267.5,CN
I4210086186,Jiangsu Provincial Academy of Building Research (China),Jiangsu Provincial Academy of Building Research (China)|江苏省建筑科学研究院有限公司,,00qvx9r67,grid.464378.a,CN
I4210128491,Guangzhou Institute of Energy Conversion,Guangdong Geothermal Energy Research Laboratory|Guangzhou Institute of Energy Conversion|广州能源研究所,GIEC,047qgg117,grid.434918.3,CN
I3045169105,Southern University of Science and Technology,South University of Science and Technology of China|Southern University of Science and Technology|南方科技大学,SUSTC|SUSTech,049tv2d57,grid.263817.9,CN
I148128674,University of Shanghai for Science and Technology,University of Shanghai for Science and Technology|上海理工大学|上海理工大學,USST,00ay9v204,grid.267139.8,CN
I4210092817,Suzhou Institute of Biomedical Engineering and Technology,Suzhou Institute of Biomedical Engineering and Technology|中国科学院苏州生物医学工程技术研究所,SIBET,00f58mx93,grid.458504.8,CN
I205237279,Nankai University,Nankai University|Nánkāi Dàxué|南开大学,NKU,01y1kjr75,grid.216938.7,CN
I24943067,Fudan University,Fudan University|复旦大学|復旦大學,,013q1eq08,grid.8547.e,CN
I4210124606,Institute of Genetics and Developmental Biology,Institute of Genetics and Developmental Biology|中国科学院遗传与发育生物学研究所,IGDB,02aee5m12,grid.418558.5,CN
I4210106477,Shanghai Institutes for Biological Sciences,Shanghai Institutes for Biological Sciences|上海生命科学研究院,SIBS,011rf9d86,grid.419092.7,CN
I4210110024,Institute of Applied Ecology,Institute of Applied Ecology|Institute of Forestry and Soil Sciences|中国科学院沈阳应用生态研究所,IAE,01thb7525,grid.458475.f,CN
I17145004,Northwestern Polytechnical University,Northwestern Polytechnical University|State Northwest Institute of Engineering|Xīběi Gōngyè Dàxué|Северо-западный политехнический университет|西北工业大学,NPU|NWPU,01y0j0j86,grid.440588.5,CN
I148099405,Xi'an University of Architecture and Technology,Xi'an University of Architecture and Technology|西安建筑科技大学,XAUAT,04v2j2k71,grid.440704.3,CN
I152031979,Nanjing Normal University,"Nanjing Normal University|Nánjīng Shīfàn Dàxu|Teacher's College, Nanjing University|南京师范大学",NNU,036trcv74,grid.260474.3,CN
I4210167153,Biotechnology Research Institute,Biotechnology Research Institute|中国农业科学院生物技术研究所,BRI,05vm76w92,grid.418873.1,CN
I28006308,Shandong Normal University,Shandong Normal College|Shandong Normal University|山东师范大学,SDNU,01wy3h363,grid.410585.d,CN
I43337087,Hebei University,Hebei University|Tianjin Business Institute|Tianjin Normal College|Tianjin Normal University|Tsin Ku University|河北大学,,01p884a79,grid.256885.4,CN
I15823474,Linyi University,Linyi Normal University|Linyi University|Línyí Dàxué|临沂大学,LYU,01knv0402,grid.410747.1,CN
I4210092495,Suzhou Institute of Nano-tech and Nano-bionics,Suzhou Institute of Nano-tech and Nano-bionics|中国科学院苏州纳米技术与纳米仿生研究所,SINANO,0027d9x02,grid.458499.d,CN
I3133055985,Westlake University,Westlake University|西湖大学,WIAS,05hfa4n20,grid.494629.4,CN
I4210096899,Jiangsu University of Science and Technology,Jiangsu University of Science and Technology|江苏科技大学,JUST,00tyjp878,grid.510447.3,CN
I4210120485,Academy of Mathematics and Systems Science,Academy of Mathematics and Systems Science|中国科学院数学与系统科学研究院,AMSS,02jkmyk67,grid.458463.8,CN
I204983213,Harbin Institute of Technology,Harbin Institute of Technology|哈尔滨工业大学,HIT,01yqg2h08,grid.19373.3f,CN
I4405272254,"Institute of Geophysics, China Earthquake Administration","Institute of Geophysics, China Earthquake Administration|中国地震局地球物理研究所",IGPCEA,03v95xz18,,CN
I4210155088,Institute of Chemistry,Institute of Chemistry|中国科学院化学研究所,ICCAS,048y1rc66,grid.418929.f,CN
I87780372,Chongqing Medical University,Chongqing Medical University|Chongqing University of Medical Sciences|重庆医科大学,CQMU,017z00e58,grid.203458.8,CN
I4210125404,Institute of Theoretical Physics,Institute of Theoretical Physics|中国科学院理论物理研究所,ITP,02xtbq882,grid.486497.0,CN
I25254941,Beijing Normal University,Beijing Normal University|Běijīng Shīfàn Dàxué|北京师范大学,BNU,022k4wk35,grid.20513.35,CN
I4405255691,"Institute of Earthquake Forecasting, China Earthquake Administration","Institute of Earthquake Forecasting|Institute of Earthquake Forecasting, CEA|Institute of Earthquake Forecasting, China Earthquake Administration|中国地震局地震预测研究所",IEF CEA,03a2d0d33,,CN
I4210111986,Nanjing Hydraulic Research Institute,Nanjing Hydraulic Research Institute|水利部交通运输部国家能源局南京水利科学研究院,NHRI,02403qw73,grid.459786.1,CN
I4210164727,National Institute for Occupational Health and Poison Control,Labor Health Research Institute|National Institute for Occupational Health and Poison Control|中国疾病预防控制中心职业卫生与中毒控制所,NIOHP,05n5mmr26,grid.508383.5,CN
I4210117026,Guangzhou Chemistry (China),Guangzhou Chemistry (China)|Guangzhou Institute of Chemistry|中科院广州化学有限公司,GCC,01mfkkh63,grid.458448.1,CN
I96852419,Capital Normal University,Capital Normal University|Shǒudū Shīfàn Dàxué|首都师范大学,CNU,005edt527,grid.253663.7,CN
I51622183,Shaanxi University of Science and Technology,Beijing Institute of Light Industry|Northwest Institute of Light Industry|Shaanxi University of Science and Technology|陕西科技大学,SUST,034t3zs45,grid.454711.2,CN
I4210128615,Chinese Academy of Forestry,Chinese Academy of Forestry|中国林业科学研究院,CAF,0360dkv71,grid.216566.0,CN
I28813325,Civil Aviation University of China,Civil Aviation University of China|Zhōngguó Mínháng Dàxué|中国民航大学,CAUC,03je71k37,grid.411713.1,CN
I41198531,Nanjing University of Posts and Telecommunications,Nanjing Institute of Posts and Telecommunications|Nanjing University of Posts and Telecommunications|南京邮电大学,NJUPT|NUPT,043bpky34,grid.453246.2,CN
I4210086405,"National Institute of Biological Sciences, Beijing","National Institute of Biological Sciences, Beijing|北京生命科学研究所",NIBS,00wksha49,grid.410717.4,CN
I159948400,Jinan University,Jinan University|暨南大学,JNU,02xe5ns62,grid.258164.c,CN
I2802148028,Guangzhou Institutes of Biomedicine and Health,Guangzhou Institutes of Biomedicine and Health|Zhōngguó Kēxué yuan guangzhou sheng wu yi yao yu jian kang yan jiu yuan|中国科学院广州生物医药与健康研究院,GIBH,02c31t502,grid.428926.3,CN
I4210146959,Beijing Academy of Agriculture and Forestry Sciences,Beijing Academy of Agriculture and Forestry Sciences|北京市农林科学院,BAAFS,04trzn023,grid.418260.9,CN
I4210145761,Shenzhen Institutes of Advanced Technology,Shenzhen Institutes of Advanced Technology|中国科学院深圳先进技术研究院,SIAT,04gh4er46,grid.458489.c,CN
I1328775524,Zhejiang Sci-Tech University,Zhejiang Sci-Tech University|浙江理工大学,ZSTU,03893we55,grid.413273.0,CN
I927504317,Nanchang Hangkong University,Nanchang Aviation University|Nanchang Hangkong University|南昌航空大学,NCHU ,0369pvp92,grid.412007.0,CN
I10660446,Kunming University of Science and Technology,Kunming University of Science and Technology|昆明理工大学,KMUST|KUST,00xyeez13,grid.218292.2,CN
I180585399,Dalian Institute of Chemical Physics,Dalian Institute of Chemical Physics|Huawusuo|大连化学物理研究所,DICP,00prkya54,grid.423905.9,CN
I4210103797,Nanjing Institute of Geology and Paleontology,Nanjing Institute of Geology and Paleontology|中国科学院南京地质古生物研究所,NIGPAS,019av8481,grid.458479.3,CN
I92403157,University of Science and Technology Beijing,Beijing Steel and Iron Institute|University of Science and Technology Beijing|北京科技大学,USTB,02egmk993,grid.69775.3a,CN
I4210159876,Institute of Physics,Institute of Applied Physics of the Chinese Academy of Sciences|Institute of Physics|中国科学院物理研究所,IOP,05cvf7v30,grid.458438.6,CN
I89652312,Northwest A&F University,Northwest A&F University|Xīběi Nónglín Kējì Dàxué|西北农林科技大学,NWAFU,0051rme32,grid.144022.1,CN
I4210086287,Institute of Vertebrate Paleontology and Paleoanthropology,Institute of Vertebrate Paleontology and Paleoanthropology|中国科学院古脊椎动物与古人类研究所,IVPP,0000pmw59,grid.458456.e,CN
I150807315,Guangxi University,Guangxi University|Guǎngxī Dàxué|广西大学,GXU,02c9qn167,grid.256609.e,CN
I173759888,Hunan Normal University,Hunan Normal University|Húnán Shīfàn Dàxué|湖南师范大学,HNU|HUNNU,053w1zy07,grid.411427.5,CN
I4210103685,South China Sea Institute Of Oceanology,South China Sea Institute Of Oceanology|中国科学院南海海洋研究所,SCSIO,0192yj155,grid.458498.c,CN
I80947539,Fuzhou University,Fuzhou University|Fúzhōu Dàxué|福州大学,FZU,011xvna82,grid.411604.6,CN
I4210140379,Institute of Rock and Soil Mechanics,"Institute of Rock and Soil Mechanics|Wuhan Institute of Mechanics, Chinese Academy of Sciences|中国科学院武汉岩土力学研究所",IRSM,0366c6s65,grid.458519.4,CN
I4210116191,Institutes of Science and Development,Institutes of Science and Development|科技战略咨询研究院,CASISD,02ce9qs13,grid.425092.8,CN
I4210160522,China National Rice Research Institute,China National Rice Research Institute|中国水稻研究所,CNRRI,05szcn205,grid.418527.d,CN
I142078773,Shenyang Institute of Automation,Shenyang Institute of Automation|中国科学院沈阳自动化研究所,SIA,00ft6nj33,grid.458481.4,CN
I120379545,Inner Mongolia Agricultural University,Inner Mongolia Agricultural University|Inner Mongolia Institute of Agriculture and Animal Husbandry|内蒙古农业大学,IMAU,015d0jq83,grid.411638.9,CN
I43313876,Dalian Maritime University,Dalian Marine College|Dalian Maritime University|大连海事大学,,002b7nr53,grid.440686.8,CN
I4210156332,Chinese Research Academy of Environmental Sciences,Chinese Research Academy of Environmental Sciences|中国环境科学研究院,CRAES,05t8xvx87,grid.418569.7,CN
I4210163738,China Astronaut Research and Training Center,China Astronaut Research and Training Center|中国航天员科研训练中心,,001ycj259,grid.418516.f,CN
I4210137199,Aerospace Information Research Institute,Aerospace Information Research Institute|中国科学院空天信息创新研究院,AIR,0419fj215,grid.507725.2,CN
I4210096219,Institut Pasteur of Shanghai,Institut Pasteur of Shanghai|上海巴斯德研究所,IPS,00w78qy64,grid.429007.8,CN
I4210099135,Wuhan Institute of Physics and Mathematics,Wuhan Institute of Physics and Mathematics|中国科学院武汉物理与数学研究所,WIPM,00zky9d41,grid.458518.5,CN
I204823248,Huazhong Agricultural University,Huazhong Agricultural University|华中农业大学,HZAU,023b72294,grid.35155.37,CN
I66867065,East China Normal University,East China Normal University|华东师范大学|華東師範大學,ECNU,02n96ep67,grid.22069.3f,CN
I4210147510,China Textile Academy,China Textile Academy|China Textile Research Institute|中国纺织科学研究院,CTA,05hpcth11,grid.464263.1,CN
I3125743391,China University of Geosciences (Beijing),China University of Geosciences (Beijing)|Zhōngguó Dìzhì Dàxué|中国地质大学 (北京),CUGB,04q6c7p66,grid.162107.3,CN
I4399598474,China University of Mining and Technology - Beijing,China University of Mining and Technology - Beijing|中国矿业大学（北京）,CUMTB,003ncxf91,,
I4210158097,Institute of Botany,Institute of Botany|中国科学院植物研究所,IB CAS,05hr3ch11,grid.435133.3,CN
I162868743,Tianjin University,Peiyang University|Tianjin University|天津大学,TJU,012tb2g32,grid.33763.32,CN
I139759216,Beijing University of Posts and Telecommunications,Beijing University of Posts and Telecommunications|北京邮电大学,BUPT,04w9fbh59,grid.31880.32,CN
I94611258,Hebei Normal University,Hebei Normal University|河北师范大学,,004rbbw49,grid.256884.5,CN
I183519381,Capital Medical University,Capital Medical University|首都医科大学,CCMU|CMU|CUMS,013xs5b60,grid.24696.3f,CN
I2801577699,Beijing Institute of Genomics,Beijing Institute of Genomics|北京基因组研究所,BIG,049gn7z52,grid.464209.d,CN
I4210128819,Institute of Electrical Engineering,Institute of Electrical Engineering|中国科学院电工研究所,IEE,033js6g46,grid.458461.a,CN
I4210126939,ZheJiang Academy of Agricultural Sciences,ZheJiang Academy of Agricultural Sciences|浙江省农业科学院,ZAAS,02qbc3192,grid.410744.2,CN
I181877577,Shanxi University,Shanxi University|Shānxī Dàxué|山西大学,SXU,03y3e3s17,grid.163032.5,CN
I4210165038,University of Chinese Academy of Sciences,University of Chinese Academy of Sciences|中国科学院大学,UCAS,05qbk4x57,grid.410726.6,CN
I4210120696,South China Botanical Garden,Institute of Agriculture and Forestry|South China Botanical Garden|South China Institute of Botany|中国科学院华南植物园,SCBG,01xqdxh54,grid.458495.1,CN
I40963666,Central China Normal University,Central China Normal University|Huazhong Normal University|华中师范大学,CCNU,03x1jna21,grid.411407.7,CN
I4210103115,Xinjiang Institute of Ecology and Geography,Xinjiang Institute of Ecology and Geography|中国科学院新疆生态与地理研究所,XIEG,01a8ev928,grid.458469.2,CN
I37802460,Northwest University,Northwest University|Xīběi Dàxué|西北大学,,00z3td547,grid.412262.1,CN
I31595395,Chengdu University of Technology,Chengdu University of Technology|成都理工大学,CDUT,05pejbw21,grid.411288.6,CN
I4210144662,Xi'an Institute of Optics and Precision Mechanics,Xi'an Institute of Optics and Precision Mechanics|Xian Institute of Optics and Precision Mechanics|中国科学院西安光学精密机械研究所,XIOPM,0444j5556,grid.458522.c,CN
I165745306,Southwest Petroleum University,Southwest Petroleum University|西南石油大学,SWPU,03h17x602,grid.437806.e,CN
I4210092944,Dalian University,Dalian University|大连大学,,00g2ypp58,grid.440706.1,CN
I4405263048,Beijing Institute of Control Engineering,Beijing Institute of Control Engineering|北京控制工程研究所,,01qx47e88,,CN
I20942203,Hainan University,Hainan University|Hǎinán Dàxué|海南大学,,03q648j11,grid.428986.9,CN
I13850615,Kunming Institute of Botany,CAS Institute of Systematic Botany Kunming Station|Kunming Institute of Botany|Kūnmíng Zhíwù Yánjiūsuǒ|Yunnan Provincial Institute of Agricultural and Forestry Botany|中国科学院昆明植物研究所,KIB|KIBCAS,02e5hx313,grid.458460.b,CN
I4210137180,Institute of High Energy Physics,Institute of High Energy Physics|中国科学院高能物理研究所,IHEP,03v8tnc06,grid.418741.f,CN
I191208505,Xiamen University,Xiamen University|Xiàmén Dàxué|厦门大学,XMU,00mcjh785,grid.12955.3a,CN
I4391768021,"Institute of Geology, China Earthquake Administration","CEA Institute of Geology|China Earthquake Administration Institute of Geology|Institute of Geology, China Earthquake Administration|中国地震局地质研究所",,03z8dnf91,,
I4210147322,Shanghai Institute of Microsystem and Information Technology,Shanghai Institute of Metallurgy|Shanghai Institute of Microsystem and Information Technology|中国科学院上海微系统与信息技术研究所,SIMIT,04nytyj38,grid.458459.1,CN
I4210135735,Institute of Geochemistry,Institute of Geochemistry|地球化学研究所,IGCAS,049d6bh38,grid.458468.3,CN
I4210115570,National Space Science Center,Center for Space Science and Applied Research|National Space Science Center|国家空间科学中心,NSSC,02nnjtm50,grid.454733.2,CN
I83714178,Shenyang Jianzhu University,Shenyang Architecture and Civil Engineering Institute|Shenyang Jianzhu University|沈阳建筑大学,SJZU,01zr73v18,grid.443552.1,CN
I4210096196,Henan Academy of Agricultural Sciences,Henan Academy of Agricultural Sciences|河南省农业科学院,,00vdyrj80,grid.495707.8,CN
I4210160793,Institute of Geographic Sciences and Natural Resources Research,Institute of Geographic Sciences and Natural Resources Research|中国科学院地理科学与资源研究所,IGSNRR,04t1cdb72,grid.424975.9,CN
I4210119392,Institute of Microelectronics,Institute of Microelectronics|中国科学院微电子研究所,IMEACAS,02s6gs133,grid.459171.f,CN
I4210141476,Institute of Tibetan Plateau Research,Institute of Tibetan Plateau Research|中国科学院青藏高原研究所,ITP|ITPCAS,03zn6c508,grid.458451.9,CN
I31683504,Beijing Forestry University,Beijing Forestry University|北京林业大学,BFU|BJFU,04xv2pc41,grid.66741.32,CN
I4210119674,East China University of Technology,East China University of Technology|东华理工大学,ECUT,027385r44,grid.418639.1,CN
I130541836,Beijing Institute of Petrochemical Technology,Beijing Institute of Petrochemical Technology|北京石油化工学院,BIPT,025s55q11,grid.443254.0,CN
I74525822,Hubei University of Technology,Hubei University of Technology|湖北工业大学,HBUT,02d3fj342,grid.411410.1,CN
I200845125,Nanjing University of Information Science and Technology,Nan Xin Da|Nanjing University of Information Science and Technology|南京信息工程大学,NUIST,02y0rxk19,grid.260478.f,CN
I27781120,Wenzhou Medical University,Wenzhou Medical University|Wenzhou Yike Daxue|温州医科大学,WMC,00rd5t069,grid.268099.c,CN
I4210139958,Beijing Computational Science Research Center,Beijing Computational Science Research Center|北京计算科学研究中心,CSRC,04tavf782,grid.410743.5,CN
