rid,eu_name,authorid,match_type,host_id,source,n_papers
28,T-Y Dora Tang,A5034957768,exact,,name_unique,1
69,Nicolas Reyes Garcia,A5084893116,exact,,name_unique,1
122,Christa Bücker,A5074386763,exact,,name_unique,1
337,Eduardo Moreno Lampaya,A5045348873,exact,,name_unique,1
344,Oscar Fernandez-Capetillo Ruiz,A5023478154,exact,,name_unique,1
346,Xavier Trepat Guixer,A5022108236,exact,,name_unique,1
414,Carmen Ruiz De Almodovar Egea,A5024531906,exact,,name_unique,1
464,Jacobus Emiel Van Rheenen,A5018236400,exact,,name_unique,1
469,João Pedro Taborda Barata,A5110964932,exact,,name_unique,1
470,Pablo Menendez Buján,A5005910580,exact,,name_unique,1
493,Robert Charles Swanton,A5001611021,exact,,name_unique,1
637,Teresa Giraldez Fernandez,A5058793525,exact,,name_unique,1
788,Oriol Mitjà Villar,A5052091850,exact,,name_unique,1
909,Nils Olov Andersson,A5018797912,exact,,name_unique,1
1596,Juan Pellico Saez,A5005397793,exact,,name_unique,1
1735,Alberto Amo Garcia,A5046733872,exact,,name_unique,1
1859,Shelly Conroy,A5114197664,exact,,name_unique,1
2040,Mariana Rossi Carvalho,A5004120070,exact,,name_unique,1
2115,David Ecija Fernandez,A5063113158,exact,,name_unique,1
2210,Kim Bonger,A5000191127,exact,,name_unique,1
2239,Pavlo Mykhailiuk,A5042360757,exact,,name_unique,1
2250,Mariola Tortosa Manzanares,A5079280977,exact,,name_unique,1
2301,Manuel Alcarazo Velasco,A5026352593,exact,,name_unique,1
2498,Miguel Angel Otaduy Tristan,A5082064878,exact,,name_unique,1
2638,Marti Duocastella Sola,A5085124177,exact,,name_unique,1
2780,Seda Keskin Avci,A5024121275,exact,,name_unique,1
2852,Gonzalo Prieto Gonzalez,A5060303863,exact,,name_unique,1
2886,Alexandra Margarida Pinto Marques,A5005584631,exact,,name_unique,1
2891,Roberto Rinaldi Sobrinho,A5087916378,exact,,name_unique,1
2912,Alberto Tarancón Rubio,A5026546961,exact,,name_unique,1
3014,Gabriele Ponti,A5102054000,exact,,name_unique,1
3017,Albert Rimola Gibert,A5008587391,exact,,name_unique,1
3149,Mar Reguant Rido,A5017948131,exact,,name_unique,1
3210,Sok Bae Lee,A5076578866,exact,,name_unique,1
3678,Emmanouil Tsakiris,A5055512942,exact,,name_unique,1
3810,Andrei Terian-Dan,A5099623215,exact,,name_unique,1
3839,Erik Van Gijn,A5040152802,exact,,name_unique,1
3984,Lino Camprubí Bueno,A5005339102,exact,,name_unique,1
4081,Catherine König,A5052363561,exact,,name_unique,1
4208,Oscar Fernandez-Capetillo Ruiz,A5023478154,exact,,name_unique,1
4220,Xavier Trepat Guixer,A5022108236,exact,,name_unique,1
4233,Eduardo Moreno Lampaya,A5045348873,exact,,name_unique,1
441,Danijela Matic,A5059505952,exact,,name_unique,2
500,Maite Solas Zubiaurre,A5040203598,exact,,name_unique,2
1115,Jose Maria Montoya Teran,A5079996977,exact,,name_unique,2
1124,Rafael Sanjuan Verdeguer,A5000700661,exact,,name_unique,2
1191,Marc Güell Cargol,A5053568867,exact,,name_unique,2
1254,Carolina Tafalla Pineiro,A5057873997,exact,,name_unique,2
1560,Eva Isabel Cacho Lascorz,A5078361408,exact,,name_unique,2
2058,Silvia Osuna Oliveras,A5038965707,exact,,name_unique,2
2147,Montserrat Calleja Gomez,A5046622124,exact,,name_unique,2
2179,Wilhelm Auwärter,A5061547657,exact,,name_unique,2
2268,Franziska Schönebeck,A5113452257,exact,,name_unique,2
2287,Marc Vendrell Escobar,A5016715745,exact,,name_unique,2
2345,Maria Jesus Vicent Docon,A5049066047,exact,,name_unique,2
2356,Daniel Maspoch Comamala,A5030689035,exact,,name_unique,2
2472,Alberto Ros Bardisa,A5089026393,exact,,name_unique,2
2874,Maria Manuela Estima Gomes,A5085593170,exact,,name_unique,2
3351,Andreas Duer,A5066000546,exact,,name_unique,2
3728,Maria Lasonen,A5015580352,exact,,name_unique,2
4194,Wilhelm Auwärter,A5061547657,exact,,name_unique,2
510,Alex Cayco Gajic,A5017881714,exact,,name_unique,3
734,David Sancho Madrid,A5003772177,exact,,name_unique,3
893,Yolanda Prezado Alonso,A5030253083,exact,,name_unique,3
901,Richard Harding-Swale,A5103789832,exact,,name_unique,3
1162,David Posada Gonzalez,A5027306462,exact,,name_unique,3
1303,Anselm Johannes Schmidt-Hieber,A5005367978,exact,,name_unique,3
2695,Ivana Gasulla Mestre,A5024582164,exact,,name_unique,3
3087,Nathan Bastian,A5103356339,exact,,name_unique,3
3370,Benjamin Crewe,A5060742517,exact,,name_unique,3
4212,David Posada Gonzalez,A5027306462,exact,,name_unique,3
1537,Vasileios Amoiridis,A5111038879,exact,,name_unique,4
1715,Silke Ospelkaus-Schwarzer,A5023176936,exact,,name_unique,4
2505,Srdan Capkun,A5021744792,exact,,name_unique,4
2941,Manuel Arruebo Gordo,A5000837150,exact,,name_unique,4
4199,Manuel Arruebo Gordo,A5000837150,exact,,name_unique,4
838,Peter Vandermeer,A5033193458,exact,,name_unique,6
1980,Christian Rueegg,A5055112787,exact,,name_unique,6
2580,Hector Sarnago Andia,A5072868395,exact,,name_unique,6
3975,Johann Buessow,A5049199035,exact,,name_unique,6
3166,Uta Schoenberg,A5013007062,exact,,name_unique,8
3208,Jose Luis Peydro Alcalde,A5079370524,exact,,name_unique,8
846,Maria Rosa Faner Canet,A5078693994,exact,,name_unique,9
864,Katharine Grieve,A5025962094,exact,,name_unique,9
3175,Natalia Fabra Portela,A5063268037,exact,,name_unique,9
1363,Shiri Artstein,A5045362897,exact,,name_unique,10
2497,Francisco Javier Cazorla Almeida,A5003496286,exact,,name_unique,12
2518,Diego Gutierrez Pérez,A5103592619,exact,,name_unique,14
2535,Maria Lapata,A5036055337,exact,,name_unique,14
4142,Nina Grønlykke Mollerup,A5041933261,exact,,name_unique,14
3898,Ulrich Timme Kragh,A5024441627,exact,,name_unique,15
4110,Jacopo Canello,A5087187110,exact,,name_unique,16
6,Nataliya Petryk,A5003584122,exact,,name_unique,17
3235,Nicola Leveringhaus,A5042123045,exact,,name_unique,17
3587,Gry Oftedal,A5021866481,exact,,name_unique,17
4001,Leif Scheuermann,A5074610771,exact,,name_unique,17
451,Karmit Levy,A5108501441,exact,,name_unique,18
495,Petr Znamenskiy,A5051460988,exact,,name_unique,18
3422,Vanessa Wijngaarden,A5030545036,exact,,name_unique,18
3980,András Fejérdy,A5081168106,exact,,name_unique,18
254,Jakub Sedzinski,A5056470087,exact,,name_unique,19
3567,Laura Grestenberger,A5016609151,exact,,name_unique,19
3838,Adina Preda,A5069135836,exact,,name_unique,20
3944,Denise Bezzina,A5057734473,exact,,name_unique,20
3451,Verónica Policarpo,A5034663534,exact,,name_unique,22
3922,Raul Carstocea,A5070859850,exact,,name_unique,22
0,Timm Fiebig,A5079172960,exact,,name_unique,23
1006,Antoine Molaro,A5003667004,exact,,name_unique,23
3915,Debora Gerstenberger,A5012883909,exact,,name_unique,23
1138,Fernando Tomás Maestre Gil,A5002158853,exact,,name_unique,24
1192,Beatriz Orosa,A5075099415,exact,,name_unique,24
3902,Phil Glauberman,A5079749199,exact,,name_unique,24
123,Aniek Janssen,A5006896191,exact,,name_unique,25
247,Barbara Pernaute,A5007552874,exact,,name_unique,25
498,Sarah Moyon,A5044847658,exact,,name_unique,25
3993,Stefania Gialdroni,A5010934405,exact,,name_unique,25
4158,Tom Birkett,A5014979515,exact,,name_unique,25
110,Ana Rita Brochado,A5045252165,exact,,name_unique,26
129,Fabien Duveau,A5068255509,exact,,name_unique,26
2453,Neel Krishnaswami,A5085047206,exact,,name_unique,26
3269,Roja Fazaeli,A5080620059,exact,,name_unique,26
3880,Ellen Harlizius-Klück,A5018163458,exact,,name_unique,26
3925,Grigor Boykov,A5001928270,exact,,name_unique,26
502,Flavio Donato,A5071843618,exact,,name_unique,27
3753,Erin La Cour,A5008289289,exact,,name_unique,27
20,Corentin Claeys Bouuaert,A5027811387,exact,,name_unique,28
2020,Jacobus Hendrikus Snoeijer,A5046945682,exact,,name_unique,28
3249,Tomas Dumbrovsky,A5054090695,exact,,name_unique,28
3425,Edyta Roszko,A5022180961,exact,,name_unique,28
4143,Jürgen Schaflechner,A5028522801,exact,,name_unique,28
237,Idoia Quintana-Urzainqui,A5041401898,exact,,name_unique,29
3401,Fredy Mora Gamez,A5007219677,exact,,name_unique,29
891,Borja Ibáñez Cabeza,A5018282925,exact,I2809107791,round2_inst,1
3747,Anna Grasskamp,A5115565730,alias,I184942183,round2_inst,1
3780,Banu Karaca,A5107650046,exact,I4392738182,round2_inst,1
534,Maximilian Albert Jösch,A5110943159,fuzzy,I157556583,round2_inst,2
1175,Julián Valero Moreno,A5106859715,fuzzy,I204337017,round2_inst,2
2850,Edgardo Ademar Saucedo Silva,A5026009141,fuzzy,I9617848,round2_inst,2
2928,Stylianos (Stelios) Choulis,A5035981207,fuzzy,I163151358,round2_inst,2
3099,Wouter Henricus Theodorus Vlemmings,A5105938740,fuzzy,I66862912,round2_inst,2
3361,Marina Castelo Branco Da Costa Lobo,A5113457805,fuzzy,I4392738132,round2_inst,3
3739,Chiara Meccariello,A5079684005,exact,I23923803,round2_inst,3
994,Emilia Santos,A5109535194,alias,I241749,round2_inst,4
2603,Oliver Höhn,A5113862039,alias,I161046081,round2_inst,4
3923,Pascal Warnking,A5065577078,alias,I89864525,round2_inst,4
2257,Thomas Boettcher,A5107146339,alias,I129774422,round2_inst,6
730,Susanne Christiane Haeussler,A5035082532,fuzzy,I4210124929,round2_inst,7
899,Marta Alonso-Roldan,A5032014527,fuzzy,I88155538,round2_inst,7
3089,Stephane Frédéric Noël Paul Mathis,A5113930515,fuzzy,I2738703131,round2_inst,7
750,Jose Henrique Veiga Fernandes,A5083079209,fuzzy,I113358080,round2_inst,10
3906,Volha Bartash,A5091435793,exact,I4210131093,round2_inst,11
4151,Nabil Ahmed,A5101602446,alias,I204778367,round2_inst,11
1502,Harsha Bhat Suresh,A5108136706,alias,I1294671590,round2_inst,12
3423,Radhika Gupta,A5101183744,alias,I121797337,round2_inst,12
3767,Hubert Feiglstorfer,A5068769793,alias,I138211613,round2_inst,12
3785,Inge Hinterwaldner,A5047963768,exact,I102335020,round2_inst,12
1209,Nuria Montserrat Pulido,A5038163469,alias,I4210147769,round2_inst,14
3726,Elena Spangenberg Yanes,A5001334699,exact,I861853513,round2_inst,14
3801,Andrea Cuomo,A5072977313,alias,I32597200,round2_inst,14
1994,Christian Peter Hess,A5101849481,fuzzy,I3018417779,round2_inst,15
3805,Khadija Zinnenburg Carroll,A5053209919,fuzzy,I198945027,round2_inst,16
3937,Hilmi Ozan Ozavci,A5013691136,alias,I193662353,round2_inst,18
517,Yarden Cohen,A5052765012,exact,I53964585,round2_inst,19
560,Nuria Flames Bonilla,A5111447773,fuzzy,I134820265,round2_inst,19
3752,Bernhard Bauer,A5074804368,alias,I15766117,round2_inst,19
258,Elvan Boke,A5033091736,exact,I4210137962,round2_inst,20
126,Alejandro Burga,A5082494880,exact,I125523173,round2_inst,21
3395,Yatun Sastramidjaja,A5045020889,exact,I887064364,round2_inst,22
3748,Leonie Kirsten Schmidt,A5046437078,fuzzy,I887064364,round2_inst,22
3796,Peter Alfred Riedlberger,A5102807900,fuzzy,I94626330,round2_inst,22
3430,Ariane Sadjed,A5081377703,alias,I138211613,round2_inst,23
1173,Julia Qüesta,A5039827810,alias,I4210158808,round2_inst,24
3734,Libera Pisano,A5013480667,exact,I170486558,round2_inst,24
3745,Michele Cammarosano,A5017759257,exact,I127927624,round2_inst,24
3790,Marta Puxan,A5031195330,alias,I50441567,round2_inst,24
314,Sara Cristiana Barbara Buonomo,A5010645043,fuzzy,I98677209,round2_inst,25
3448,Erica Weiss,A5076899110,alias,I16391192,round2_inst,25
3947,Valentina Fusari,A5020024952,exact,I55143463,round2_inst,25
519,Cécile Charrier,A5080554000,exact,I154526488,round2_inst,26
3128,Luigi Iovino,A5051884508,alias,I71209653,round2_inst,26
3596,Judith Domínguez Borràs,A5027718334,alias,I71999127,round2_inst,26
3889,Michael Paul Ellison,A5034782384,fuzzy,I36234482,round2_inst,26
4011,Valentina Lepri,A5077243151,alias,I4210108857,round2_inst,26
3784,Juliane Noth,A5019752030,alias,I75951250,round2_inst,27
3814,Ludek Broz,A5064240437,alias,I4210108156,round2_inst,27
4010,Gunvor Simonsen,A5056048872,alias,I124055696,round2_inst,27
116,Francisco Martínez-Jiménez,A5085923029,alias,I4387155398,round2_inst,28
531,Adam Ranson,A5084558179,alias,I123044942,round2_inst,28
3319,Dawn Watkins,A5078266473,alias,I91136226,round2_inst,28
3439,Valentina Bonifacio,A5014487385,exact,I149461666,round2_inst,28
4152,Christopher Haworth,A5025939375,exact,I79619799,round2_inst,28
16,Petya Violinova Krasteva,A5013510837,alias,I1294671590,round2_inst,29
1171,Zaida Álvarez,A5057679210,exact,I4210147769,round2_inst,29
3380,Peter Alexandrov Stamatov,A5035651320,fuzzy,I50357001,round2_inst,29
3912,Ceren Kabukcu,A5059357437,alias,I146655781,round2_inst,29
3950,Artur Obluski,A5054915891,alias,I4654613,round2_inst,29
1152,Christiane Werner Pinto,A5079676142,fuzzy,,round3_semantic,1
1367,Edward Paul Segal,A5091224791,alias,,round3_semantic,1
1910,Jens Hjorleifur Bardarson,A5040754934,fuzzy,I86987016,round3_semantic,1
2079,Kasper Dyrberg Rand,A5102632027,fuzzy,I124055696,round3_semantic,1
2103,Sebastiaan Y T Van De Meerakker,A5038062650,fuzzy,I145872427,round3_semantic,1
2261,Maria Kamperman,A5025797923,fuzzy,,round3_semantic,1
3374,Claes Holger De Vreese,A5075389431,fuzzy,I887064364,round3_semantic,1
3592,Ellen De Bruijn,A5010286692,fuzzy,I121797337,round3_semantic,1
1279,Tillmann Joachim Lüders,A5109681086,fuzzy,I54009628,round3_semantic,2
1694,Michal Heller,A5106764930,fuzzy,I32597200,round3_semantic,2
4219,Tillmann Joachim Lüders,A5109681086,fuzzy,I54009628,round3_semantic,2
948,Johannes Jos Malda,A5014283826,fuzzy,,round3_semantic,3
1012,Fabien Condamine,A5111168442,fuzzy,I1294671590,round3_semantic,3
1412,Javier Jose Fernandez De Bobadilla De Olazabal,A5055751062,fuzzy,,round3_semantic,3
2118,Otto Anatole Von Lilienfeld-Toal,A5002115813,alias,,round3_semantic,3
4193,Javier Jose Fernandez De Bobadilla De Olazabal,A5055751062,fuzzy,,round3_semantic,3
3086,Jochem Jan Anton Baselmans,A5039161022,fuzzy,,round3_semantic,4
911,Per Martin Englund,A5076514636,fuzzy,,round3_semantic,6
1752,Rafael Alejandro Porto Pereira,A5101132262,fuzzy,,round3_semantic,6
4216,Rui Manuel Marques Fernandes Da Costa,A5101430063,fuzzy,I113358080,round3_semantic,6
3477,Ignacio Ariel Farías Hurtado,A5091114753,fuzzy,,round3_semantic,7
3867,Paula Sofia Hohti,A5051195778,fuzzy,,round3_semantic,7
623,Jaime De La Rocha Vazquez,A5007995024,fuzzy,,round3_semantic,8
3306,Catherine De Vries - Netjes,A5012831238,fuzzy,,round3_semantic,8
4236,Jennifer Irene Keiser,A5112859373,fuzzy,I158937107,round3_semantic,8
1526,Jan Olaf Mirko Härter,A5082829491,fuzzy,,round3_semantic,9
2269,Luís Mafra Monteiro,A5058074735,fuzzy,I60858718,round3_semantic,9
3525,Hadas Mandel Levy,A5054027319,fuzzy,,round3_semantic,9
189,Maite Huarte Martinez,A5049445884,fuzzy,,round3_semantic,11
1236,Lars Ingemar André,A5110463751,fuzzy,I187531555,round3_semantic,11
1963,Sarah Friederike Koester,A5059884782,fuzzy,,round3_semantic,11
2001,Alexander Grueneis,A5084866187,alias,I180923762,round3_semantic,11
435,Bart Leo Loeys,A5077789994,fuzzy,I149213910,round3_semantic,14
1210,Jesko-Alexander*Johannes Gunter Kohnke,A5112282524,fuzzy,,round3_semantic,15
1221,Miriam Rosenbaum,A5042503383,fuzzy,I4210162077,round3_semantic,15
1579,Sonia Isabelle Seneviratne,A5112572775,fuzzy,I35440088,round3_semantic,15
2745,Ahmad Rafsanjani Abbasi,A5053608926,alias,,round3_semantic,15
4084,Jose Antonio Iriarte Mugica,A5066677664,fuzzy,,round3_semantic,15
2903,Chiara Silvia Vitale Brovarone,A5108657387,fuzzy,I177477856,round3_semantic,16
3930,Helle Jensen,A5030608905,fuzzy,I204337017,round3_semantic,17
3069,Sarah Louise Bridle,A5104087059,fuzzy,I28407311,round3_semantic,18
5,Danny Doncheva Nedialkova,A5018771824,alias,,round3_semantic,20
1817,James Matthew Drummond,A5103433235,fuzzy,,round3_semantic,20
955,Vincent Wilfred Vishal-Kapoor Jaddoe,A5105396752,fuzzy,I2801952686,round3_semantic,22
2352,Jose Julian Aleman Lara,A5075985372,fuzzy,,round3_semantic,23
524,Lisa Fenk,A5078337747,alias,,round3_semantic,24
2187,Benjamin Palmer,A5030981978,alias,,round3_semantic,24
3756,Noëlle Lynn Wenger Streeton,A5085817998,alias,I184942183,round3_semantic,24
230,Benjamin Lehner,A5053879406,alias,,round3_semantic,25
4221,Benjamin Lehner,A5053879406,alias,,round3_semantic,25
4092,Julia Teixeira Mourão Permoser,A5035131284,fuzzy,,round3_semantic,27
1108,Gentile Francesco Ficetola,A5007433758,alias,I189158943,round3_semantic,28
2143,Stephen Dermot Hogan,A5110401780,fuzzy,,round3_semantic,29
148,Darío Jesús Lupiáñez García,A5009382919,alias,,round4_maxpapers,1
166,Alfredo Castello Palomares,A5097923988,alias,,round4_maxpapers,1
702,Ziv Shulman Ben-Avraham,A5034305916,fuzzy,,round4_maxpapers,1
760,Pablo Pelegrin Vivancos,A5060565561,exact,,round4_maxpapers,1
763,Karina Elizabeth De Visser,A5012101402,fuzzy,,round4_maxpapers,1
848,Waldo Nogueira Vazquez,A5077493283,fuzzy,,round4_maxpapers,1
872,Aron Philip Kater,A5085320086,fuzzy,,round4_maxpapers,1
1093,Karla Gisela Kristin Tessmar-Raible,A5055395658,fuzzy,,round4_maxpapers,1
1372,Anna Ershler,A5038347500,fuzzy,,round4_maxpapers,1
1424,Aloisia Nuijens,A5028455474,fuzzy,,round4_maxpapers,1
2015,Manuel Alain Bibes,A5016698882,fuzzy,,round4_maxpapers,1
2156,Pau Bernado Pereto,A5024911291,alias,,round4_maxpapers,1
2434,Antonio J. Peña Monferrer,A5073051157,fuzzy,,round4_maxpapers,1
2712,Hatice Altug Yanik,A5036210470,fuzzy,,round4_maxpapers,1
2951,Miguel Zumalacarregui Perez,A5009717379,alias,,round4_maxpapers,1
3051,Petrus Van De Ven,A5020277527,fuzzy,,round4_maxpapers,1
3091,Andreas Zezas,A5052546913,alias,,round4_maxpapers,1
3478,Dimitrios Pavlopoulos,A5080609103,fuzzy,,round4_maxpapers,1
3507,Paula Marie Madelén Evertsson,A5087668674,fuzzy,,round4_maxpapers,1
3649,Raquel Fernandez Rovira,A5030112271,fuzzy,,round4_maxpapers,1
3650,Christopher Mark Bird,A5040659934,alias,,round4_maxpapers,1
4148,Rune Steenberg Reyhé,A5029394500,alias,,round4_maxpapers,1
4191,Manuel Alain Bibes,A5016698882,fuzzy,,round4_maxpapers,1
4237,Pablo Pelegrin Vivancos,A5060565561,exact,,round4_maxpapers,1
480,Eleanor Elizabeth Patton,A5046316908,fuzzy,,round4_maxpapers,2
1343,Choonghong Tadahiro Oh,A5048680727,fuzzy,,round4_maxpapers,2
2016,Christopher Patrick (Paddy) Royall,A5104268794,fuzzy,,round4_maxpapers,2
3692,Roberta Anna Grazia D'Alessandro,A5030265040,fuzzy,,round4_maxpapers,2
1731,Leticia Tarruell Pellegrin,A5068132442,fuzzy,,round4_maxpapers,3
1782,Benjamin Wolf Freivogel,A5015191174,fuzzy,,round4_maxpapers,3
1824,Jeremy Lloyd O'Brien,A5011294609,fuzzy,,round4_maxpapers,3
2684,Camille Sophie Bres Ep. Tremblay,A5088617511,fuzzy,,round4_maxpapers,3
3475,Roger Canals Vilageliu,A5089635816,fuzzy,,round4_maxpapers,4
198,Anders Peter Brodersen,A5045230635,fuzzy,,round4_maxpapers,5
445,Marc Claret Carles,A5029410280,fuzzy,,round4_maxpapers,6
3177,Daniel Alberto Paravisini Maggi,A5088730075,fuzzy,,round4_maxpapers,6
3842,Hugh Alexander Gervase Houghton,A5043545359,fuzzy,,round4_maxpapers,6
1381,Victor Rotger Cerdà,A5006215137,fuzzy,,round4_maxpapers,7
2822,Alexandra Teleki Sotiriou,A5086569597,fuzzy,,round4_maxpapers,7
276,Miki Matsuda,A5113732636,alias,,round4_maxpapers,8
1790,Tuomas Veli Valtteri Lappi,A5089748557,fuzzy,,round4_maxpapers,9
1828,Tobias Johannes Jakob Boris Christoph Schätz,A5065642406,fuzzy,,round4_maxpapers,10
2930,Maria De Les Neus Sabate Vizcarra,A5005053726,fuzzy,,round4_maxpapers,10
1122,Juan Antonio Gabaldón Estevan,A5073271482,fuzzy,,round4_maxpapers,11
1788,Marc Tobias Schumann,A5102951517,fuzzy,,round4_maxpapers,12
3215,Donato (Dino) Gerardi,A5076100220,fuzzy,,round4_maxpapers,16
1566,Sari Hannele Korhonen,A5066081714,fuzzy,,round4_maxpapers,24
1504,Madeleine Clare Sperryn White,A5091159076,fuzzy,,round4_maxpapers,26
4170,Jose Antonio Iriarte Mugica,A5090527226,fuzzy,,round4_maxpapers,27
599,Susana Lima,A5063057508,fuzzy,I113358080,round4_maxpapers,29
4147,Aike Peter Rots,A5022249335,alias,I184942183,round4_maxpapers,29
2785,Maria Cristina Vicente Manzano,A5045235527,exact,,round4_semtie,1
4024,Yuliana Boycheva,A5036852455,alias,,round4_semtie,2
2546,Anna-Leena Korhonen,A5040854564,alias,I241749,round4_semtie,3
1243,Chris Barnes,A5018040610,alias,I45129253,round4_semtie,4
1832,Sebastien André Marcel Bize,A5106859499,fuzzy,,round4_semtie,4
3754,Sidh Losa Mendiratta,A5072060304,exact,,round4_semtie,4
618,Petra Ritter,A5059814273,alias,I7877124,round4_semtie,8
2141,Leo Gross,A5109100631,alias,,round4_semtie,8
4027,Giulia Giannini,A5106513059,exact,I189158943,round4_semtie,8
2042,Anne Schuetz,A5033131145,alias,,round4_semtie,10
3994,John-Paul Ghobrial,A5075681746,alias,I40120149,round4_semtie,10
2368,Jerónimo Castrillón Mazo,A5019339903,exact,,round4_semtie,11
3590,Simone Kuehn,A5110904026,exact,,round4_semtie,11
3910,Béla Vilmos Mihalik,A5001430221,alias,I4210131266,round4_semtie,11
3913,Marton Ver,A5029724742,alias,,round4_semtie,12
1423,Eva Stueeken,A5074674276,alias,I16835326,round4_semtie,15
3528,Christiaan Willem Simon Monden,A5110883201,alias,I40120149,round4_semtie,15
3802,Anna Papaeti,A5051209881,exact,I4210127711,round4_semtie,15
2778,Ciara Murphy,A5084598089,exact,,round4_semtie,16
3744,Enrique Jiménez,A5109359445,alias,I8204097,round4_semtie,18
4033,Catherine Ferris,A5022167412,alias,,round4_semtie,18
3750,Sanjukta Sunderason,A5012699443,alias,,round4_semtie,19
509,Sabine Krabbe,A5079856012,alias,,round4_semtie,20
3903,Eugene Costello,A5029474150,exact,,round4_semtie,20
3829,J. Griffith Rollefson,A5009861181,exact,,round4_semtie,22
4154,Yoel Greenberg,A5008017472,alias,,round4_semtie,22
3731,Giuliano Mori,A5109447583,alias,,round4_semtie,23
3786,Andre Tavares,A5045725977,alias,I182534213,round4_semtie,23
3974,Islam Dayeh,A5032940013,exact,,round4_semtie,23
2,Clemens Plaschka,A5006479386,exact,I195525897,round4_semtie,24
3775,Miriam Edlich-Muth,A5003082579,exact,,round4_semtie,24
3934,M. Talha Cicek,A5084368562,alias,,round4_semtie,24
3854,Marianne Maeckelbergh,A5006840334,alias,,round4_semtie,25
2027,Roberto Rizzato,A5079611641,exact,I62916508,round4_semtie,26
266,Ulrika Marklund,A5087519517,alias,I28166907,round4_semtie,27
3152,Eduardo Perez,A5073946143,alias,I205092303,round4_semtie,27
4000,Sireen El Zaatari,A5079881496,exact,I8087733,round4_semtie,27
14,Eva Kowalinski,A5049088846,exact,,round4_semtie,29
1803,Antonin Vacheret,A5063689819,alias,I47508984,round4_semtie,29
