rid,eu_name,authorid,oa_display_name,match_type,source,n_papers,host_raw,openalex_url,orcid,yes_or_no
4197,"Sylvie, Jeanine Lejeune Ép Lorthois",A5075453232,Sylvie Lorthois,fuzzy,rescue_duplicate,77,"National Centre for Scientific Research (CNRS) [999997930,FR]",https://openalex.org/A5075453232,https://orcid.org/0000-0002-0711-3695,
4200,"Philippe, Guy, Marie Marmottant",A5023549418,Philippe Marmottant,fuzzy,rescue_duplicate,153,"National Centre for Scientific Research (CNRS) [999997930,FR]",https://openalex.org/A5023549418,https://orcid.org/0000-0001-6828-6656,
74,Cristobal Axel Innis,A5053935606,C. Axel Innis,fuzzy,rescue_host_unique,42,"National Institute of Health and Medical Research (INSERM) [999997833,FR]",https://openalex.org/A5053935606,https://orcid.org/0000-0003-3153-9490,
487,Gert Fredrik Bäckhed,A5047963662,Fredrik Bäckhed,fuzzy,rescue_host_unique,315,"University of Gothenburg [999981925,SE]",https://openalex.org/A5047963662,https://orcid.org/0000-0002-4871-8818,
587,Amihai Citri,A5048298854,Ami Citri,fuzzy,rescue_host_unique,59,"Hebrew University of Jerusalem [999975038,IL]",https://openalex.org/A5048298854,https://orcid.org/0000-0002-9914-0278,
921,Joseph Petrus Gerardus Sluijter,A5005834517,Joost P. G. Sluijter,fuzzy,rescue_host_unique,328,"University Medical Center Utrecht [999915189,NL]",https://openalex.org/A5005834517,https://orcid.org/0000-0003-2088-9102,
1076,Simone Immler Maklakov,A5054861051,Simone Immler,fuzzy,rescue_host_unique,104,"University of East Anglia [999985611,UK]",https://openalex.org/A5054861051,https://orcid.org/0000-0003-1234-935X,
1406,"Emmanuel, François, Jean Breuillard",A5024332688,Emmanuel Breuillard,fuzzy,rescue_host_unique,115,"University of Cambridge [999977172,UK]",https://openalex.org/A5024332688,,
1617,Amaia Cipitria Sagardia,A5072719653,Amaia Cipitria,fuzzy,rescue_host_unique,69,"Biogipuzkoa Health Research Institute [972652078,ES]",https://openalex.org/A5072719653,https://orcid.org/0000-0002-9918-1512,
1940,"Christophe, Marcel, Georges Galland",A5044090780,Christophe Galland,fuzzy,rescue_host_unique,119,"Swiss Federal Institute of Technology Lausanne (EPFL) [999973971,CH]",https://openalex.org/A5044090780,https://orcid.org/0000-0001-5627-0796,
1970,"Neven, Zitomir Barisic",A5064040199,N. Barišić,fuzzy,rescue_host_unique,182,"Vienna University of Technology [999979888,AT]",https://openalex.org/A5064040199,https://orcid.org/0000-0003-4637-0544,
2096,Gemma Clare Solomon Larsen,A5018410685,Gemma C. Solomon,fuzzy,rescue_host_unique,169,"University of Copenhagen [999991043,DK]",https://openalex.org/A5018410685,https://orcid.org/0000-0002-2018-1529,
2209,Katalin Barta Weissert,A5004765483,Katalin Barta,fuzzy,rescue_host_unique,120,"University of Graz [999873188,AT]",https://openalex.org/A5004765483,https://orcid.org/0000-0002-8046-4248,
2426,Christopher John Wojtan,A5008127734,Chris Wojtan,fuzzy,rescue_host_unique,72,"Institute of Science and Technology Austria [996479740,AT]",https://openalex.org/A5008127734,https://orcid.org/0000-0001-6646-5546,
2501,"David, Francois Pichardie",A5046752375,David Pichardie,fuzzy,rescue_host_unique,111,"Normal Superior School of Rennes [944762056,FR]",https://openalex.org/A5046752375,https://orcid.org/0000-0002-2504-1760,
2642,Nikolay Akopian,A5088128757,N. Akopian,fuzzy,rescue_host_unique,85,"Technical University of Denmark [999990655,DK]",https://openalex.org/A5088128757,https://orcid.org/0000-0002-0588-7646,
2942,Johannes Tiemen Padding,A5057833615,Johan T. Padding,fuzzy,rescue_host_unique,269,"Delft University of Technology [999977366,NL]",https://openalex.org/A5057833615,https://orcid.org/0000-0003-4161-0748,
3079,Ine Marie J Ineke De Moortel,A5085867085,I. De Moortel,fuzzy,rescue_host_unique,168,"University of St. Andrews [999984253,UK]",https://openalex.org/A5085867085,https://orcid.org/0000-0002-1452-9330,
3511,Susannne Branje,A5059439551,Susan Branje,fuzzy,rescue_host_unique,406,"Utrecht University [999985805,NL]",https://openalex.org/A5059439551,https://orcid.org/0000-0002-9999-5313,
3655,"Clara, Dominique, Sylvie Martin",A5045092960,Clara D. Martin,fuzzy,rescue_host_unique,142,"BCBL Basque Center on Cognition, Brain and Language [996120064,ES]",https://openalex.org/A5045092960,https://orcid.org/0000-0003-2701-5045,
234,Patricio Aloy Calaf,A5015088787,Patrick Aloy,fuzzy,rescue_maxpapers,213,"Institute for Research in Biomedicine Barcelona [999541836,ES]",https://openalex.org/A5015088787,https://orcid.org/0000-0002-3557-0236,
336,Mari Johanna Ivaska,A5051981975,Johanna Ivaska,fuzzy,rescue_maxpapers,229,"University of Turku [999903064,FI]",https://openalex.org/A5051981975,https://orcid.org/0000-0002-6295-6556,
447,"Laurent, Arnaud, Philippe Yvan-Charvet",A5042081614,Laurent Yvan‐Charvet,fuzzy,rescue_maxpapers,111,"National Institute of Health and Medical Research (INSERM) [999997833,FR]",https://openalex.org/A5042081614,https://orcid.org/0000-0002-7748-4942,
454,Esther Lutgens Leiner,A5069173292,Esther Lutgens,fuzzy,rescue_maxpapers,318,"University of Munich (LMU) [999978433,DE]",https://openalex.org/A5069173292,https://orcid.org/0000-0002-2609-5744,
770,Maria Carla Saleh Bottegoni,A5082764484,Maria‐Carla Saleh,fuzzy,rescue_maxpapers,83,"Pasteur Institute [999993080,FR]",https://openalex.org/A5082764484,https://orcid.org/0000-0001-8593-4117,
854,"Nicolas, Clement Rivron",A5085037923,Nicolas Rivron,fuzzy,rescue_maxpapers,57,"Institute of Molecular Biotechnology (IMBA) [999919263,AT]",https://openalex.org/A5085037923,https://orcid.org/0000-0003-1590-5964,
882,Jan Teun Bousema,A5036396443,Teun Bousema,fuzzy,rescue_maxpapers,480,"Radboud University Medical Center [892057785,NL]",https://openalex.org/A5036396443,https://orcid.org/0000-0003-2666-094X,
961,Renate Bonin-Geb.Schnabel,A5090270823,Renate B. Schnabel,fuzzy,rescue_maxpapers,536,"University Medical Center Hamburg-Eppendorf [999857474,DE]",https://openalex.org/A5090270823,https://orcid.org/0000-0001-7170-9509,
1484,Clare Juliet Biggs,A5083240181,Juliet Biggs,fuzzy,rescue_maxpapers,342,"University of Bristol [999974262,UK]",https://openalex.org/A5083240181,https://orcid.org/0000-0002-4855-039X,
1743,Mikael Anton Vesterinen,A5062951688,M. Vesterinen,fuzzy,rescue_maxpapers,867,"University of Warwick [999976784,UK]",https://openalex.org/A5062951688,https://orcid.org/0000-0001-7717-2765,
1968,Rembertus Abraham Duine,A5045225582,R. A. Duine,fuzzy,rescue_maxpapers,268,"Utrecht University [999985805,NL]",https://openalex.org/A5045225582,https://orcid.org/0000-0001-6663-5111,
2514,"Francis, René, Julien Bach",A5001483226,Francis Bach,fuzzy,rescue_maxpapers,367,"National Institute for Research in Computer Science and Automatic Control (INRIA) [999547074,FR]",https://openalex.org/A5001483226,https://orcid.org/0000-0001-8644-1058,
2538,Albert Atserias Peri,A5003671114,Albert Atserias,fuzzy,rescue_maxpapers,151,"Technical University of Catalonia [999976202,ES]",https://openalex.org/A5003671114,https://orcid.org/0000-0002-3732-1989,
2932,"Sylvie, Jeanine Lejeune Ép Lorthois",A5075453232,Sylvie Lorthois,fuzzy,rescue_maxpapers,77,"National Centre for Scientific Research (CNRS) [999997930,FR]",https://openalex.org/A5075453232,https://orcid.org/0000-0002-0711-3695,
3045,Hugues Albert Sana,A5025696341,H. Sana,fuzzy,rescue_maxpapers,577,"University of Leuven [999991334,BE]",https://openalex.org/A5025696341,https://orcid.org/0000-0001-6656-4130,
3057,David René Bernard Ehrenreich,A5085237456,D. Ehrenreich,fuzzy,rescue_maxpapers,595,"University of Geneva [999974650,CH]",https://openalex.org/A5085237456,https://orcid.org/0000-0001-9704-5405,
3377,Maria Serena Olsaretti,A5044166329,Serena Olsaretti,fuzzy,rescue_maxpapers,67,"Pompeu Fabra University [999867077,ES]",https://openalex.org/A5044166329,https://orcid.org/0000-0001-6775-8551,
3527,"Dariusz, Jacek Wojcik",A5051441410,Dariusz Wójcik,fuzzy,rescue_maxpapers,264,"University of Oxford [999984350,UK]",https://openalex.org/A5051441410,https://orcid.org/0000-0003-2158-284X,
4234,Patricio Aloy Calaf,A5015088787,Patrick Aloy,fuzzy,rescue_maxpapers,213,"Institute for Research in Biomedicine Barcelona [999541836,ES]",https://openalex.org/A5015088787,https://orcid.org/0000-0002-3557-0236,
1587,Andrew John Ridgwell,A5074849392,Andy Ridgwell,fuzzy,rescue_semantic,485,"University of Bristol [999974262,UK]",https://openalex.org/A5074849392,https://orcid.org/0000-0003-2333-0128,
1765,Alexander Retzker Menes,A5053617356,Alex Retzker,fuzzy,rescue_semantic,160,"Hebrew University of Jerusalem [999975038,IL]",https://openalex.org/A5053617356,https://orcid.org/0000-0002-7291-7120,
2219,Bernhard Christian Bayer-Skoff,A5061851293,Bernhard C. Bayer,fuzzy,rescue_semantic,105,"Vienna University of Technology [999979888,AT]",https://openalex.org/A5061851293,https://orcid.org/0000-0002-4829-3207,
2373,Eve Hoggan Christensen,A5002561749,Eve Hoggan,fuzzy,rescue_semantic,65,"Aarhus University [999997736,DK]",https://openalex.org/A5002561749,https://orcid.org/0000-0002-2563-4320,
2511,"Gabriel, Louis, Jean Peyré",A5058651667,Gabriel Peyré,fuzzy,rescue_semantic,371,"National Centre for Scientific Research (CNRS) [999997930,FR]",https://openalex.org/A5058651667,https://orcid.org/0000-0002-4477-0387,
2693,"Fabrice, Denis Raineri",A5012507338,Fabrice Raineri,fuzzy,rescue_semantic,260,"National Centre for Scientific Research (CNRS) [999997930,FR]",https://openalex.org/A5012507338,https://orcid.org/0000-0001-9878-3434,
2934,"Philippe, Guy, Marie Marmottant",A5023549418,Philippe Marmottant,fuzzy,rescue_semantic,153,"National Centre for Scientific Research (CNRS) [999997930,FR]",https://openalex.org/A5023549418,https://orcid.org/0000-0001-6828-6656,
3296,Tihomira Burri,A5087415376,Mira Burri,fuzzy,rescue_semantic,245,"University of Lucerne [987974004,CH]",https://openalex.org/A5087415376,https://orcid.org/0000-0001-9224-3568,
3333,Andrea Sangiovanni Vincentelli,A5023177719,Andrea Sangiovanni,fuzzy,rescue_semantic,84,"King's College London [999981052,UK]",https://openalex.org/A5023177719,https://orcid.org/0000-0002-1915-3969,
3466,Johannes Martin Saxer,A5040746213,Martin Saxer,fuzzy,rescue_semantic,35,"University of Munich (LMU) [999978433,DE]",https://openalex.org/A5040746213,https://orcid.org/0000-0003-1861-605X,
4230,Maria Carla Saleh Bottegoni,A5082764484,Maria‐Carla Saleh,fuzzy,rescue_semantic,83,"Pasteur Institute [999993080,FR]",https://openalex.org/A5082764484,https://orcid.org/0000-0001-8593-4117,
